id,country,shipment_mode,scheduled_delivery_date,delivered_to_client_date,product_group,sub_classification,unit_of_measure_per_pack,line_item_quantity,line_item_value,pack_price,unit_price,weight_kilograms,freight_cost_usd,dosage
3,Vietnam,Air,14-Nov-06,14-Nov-06,ARV,Pediatric,240,1000,6200.0,6.2,0.03,358,4521.5,10mg/ml
15,Vietnam,Air,1-Sep-06,1-Sep-06,ARV,Adult,60,31920,127360.8,3.99,0.07,1855,16007.06,150mg
16,Vietnam,Air,11-Aug-06,11-Aug-06,ARV,Adult,60,38000,121600.0,3.2,0.05,7590,45450.08,30mg
81483,Vietnam,Air,12-Nov-12,12-Nov-12,ARV,Adult,60,525,3465.0,6.6,0.11,34,807.47,300mg
115,Vietnam,Air,15-Oct-07,15-Oct-07,ARV,Pediatric,240,1000,1920.0,1.92,0.01,941,4193.49,10mg/ml
116,Vietnam,Air,27-Aug-07,27-Aug-07,ARV,Adult,120,500,41095.0,82.19,0.68,117,1767.38,200/50mg
269,Vietnam,Air,21-Jan-08,21-Jan-08,ARV,Adult,30,1000,17000.0,17.0,0.57,76,2282.57,300mg
270,Vietnam,Air,21-Jan-08,21-Jan-08,ARV,Adult,60,400,3352.0,8.38,0.14,23,2149.05,300mg
420,Vietnam,Air,3-Jun-08,3-Jun-08,ARV,Adult,30,8400,96432.0,11.48,0.38,654,4051.34,600mg
438,Vietnam,Air,12-Jul-08,12-Jul-08,ARV,Pediatric,60,400,2800.0,7.0,0.12,81,2211.05,25mg
530,Vietnam,Air,19-Sep-08,19-Sep-08,ARV,Adult,30,1344,18359.04,13.66,0.46,1537,13507.92,300mg
610,Vietnam,Air,19-Sep-08,19-Sep-08,ARV,Adult,60,38640,92736.0,2.4,0.04,2719,18614.72,150mg
637,Vietnam,Air,8-Oct-08,8-Oct-08,ARV,Adult,60,42000,60900.0,1.45,0.02,2600,10179.16,30mg
660,Vietnam,Air,27-Nov-08,27-Nov-08,ARV,Adult,30,16800,171192.0,10.19,0.34,1224,4686.88,600mg
2947,Vietnam,Air,22-Jan-08,22-Jan-08,ARV,Adult,60,400,600.0,1.5,0.02,83,2426.05,15mg
960,Vietnam,Air,10-Apr-09,10-Apr-09,ARV,Adult,60,5964,51350.04,8.61,0.14,3509,12835.2,150/300mg
961,Vietnam,Air,10-Apr-09,10-Apr-09,ARV,Adult,60,21000,50400.0,2.4,0.04,See ASN-3562 (ID#:960),See ASN-3562 (ID#:960),150mg
962,Vietnam,Air,23-Mar-09,23-Mar-09,ARV,Adult,60,10560,72864.0,6.9,0.12,924,4225.93,150/200/30mg
979,Vietnam,Air,16-Mar-09,16-Mar-09,ARV,Adult,60,2352,20250.72,8.61,0.14,211,892.5,150/300mg
1179,Vietnam,Air,17-Jul-09,17-Jul-09,ARV,Adult,336,8,613.76,76.72,0.23,48,3366.04,100mg
1183,Vietnam,Air,10-Jul-09,10-Jul-09,ARV,Adult,60,3500,39025.0,11.15,0.19,1804,6341.88,150/300/200mg
1213,Vietnam,Air,28-Jul-09,28-Jul-09,ARV,Pediatric,60,400,2800.0,7.0,0.12,148,14.36,25mg
1251,Vietnam,Air,16-Nov-06,16-Nov-06,ARV,Pediatric,60,2800,19600.0,7.0,0.12,555,3292.15,25mg
1282,Vietnam,Air,14-Mar-07,14-Mar-07,ARV,Adult,60,25100,276100.0,11.0,0.18,2575,18772.94,150/300mg
1283,Vietnam,Air,14-Mar-07,14-Mar-07,ARV,Adult,60,95500,144205.0,1.51,0.03,9170,42453.21,30mg
1298,Vietnam,Air,12-May-07,12-May-07,ARV,Adult,60,70000,525000.0,7.5,0.12,6813,31858.09,150/200/30mg
1306,Vietnam,Air,24-Aug-07,24-Aug-07,ARV,Adult,60,25000,187500.0,7.5,0.12,2348,21439.59,150/200/30mg
1356,Vietnam,Air,2-Oct-07,2-Oct-07,ARV,Pediatric,240,1000,1920.0,1.92,0.01,960,13762.41,10mg/ml
1357,Vietnam,Air,2-Oct-07,2-Oct-07,ARV,Pediatric,240,1000,2100.0,2.1,0.01,See ASN-744 (ID#:1356),See ASN-744 (ID#:1356),10mg/ml
1358,Vietnam,Air,15-Oct-07,15-Oct-07,ARV,Pediatric,240,1000,2100.0,2.1,0.01,See ASN-781 (ID#:115),See ASN-781 (ID#:115),10mg/ml
1359,Vietnam,Air,15-Oct-07,15-Oct-07,ARV,Adult,60,3000,40500.0,13.5,0.22,332,4454.62,150/300/200mg
1360,Vietnam,Air,23-Nov-07,23-Nov-07,ARV,Adult,30,22500,277425.0,12.33,0.41,1955,16095.39,600mg
1361,Vietnam,Air,27-Aug-07,27-Aug-07,ARV,Adult,120,500,41095.0,82.19,0.68,117,1767.38,200/50mg
1519,Vietnam,Air,28-Mar-08,28-Mar-08,ARV,Adult,336,100,18333.0,183.33,0.55,337,2535.4,100mg
1530,Vietnam,Air,1-Feb-08,1-Feb-08,ARV,Adult,60,1200,2100.0,1.75,0.03,125,2429.85,20mg
1691,Vietnam,Air,7-Jul-08,20-Jun-08,ARV,Adult,60,10080,29232.0,2.9,0.05,507,4159.45,150mg
1693,Vietnam,Air,1-Jun-08,1-Jun-08,ARV,Adult,30,6720,77145.6,11.48,0.38,522,3796.05,600mg
1797,Vietnam,Air,3-Oct-08,3-Oct-08,ARV,Pediatric,60,400,2800.0,7.0,0.12,81,3013.09,25mg
1798,Vietnam,Air,19-Aug-08,19-Aug-08,ARV,Adult,60,10780,15631.0,1.45,0.02,502,7575.6,30mg
1905,Vietnam,Air,19-Sep-08,19-Sep-08,ARV,Adult,60,4300,37023.0,8.61,0.14,See ASN-2274 (ID#:610),See ASN-2274 (ID#:610),150/300mg
1919,Vietnam,Air,3-Oct-08,3-Oct-08,ARV,Adult,60,18030,26143.5,1.45,0.02,1114,5822.44,30mg
1954,Vietnam,Air,2-Dec-08,2-Dec-08,ARV,Adult,120,434,35674.8,82.2,0.68,113,2709.98,200/50mg
1955,Vietnam,Air,24-Nov-08,24-Nov-08,ARV,Adult,60,1100,12540.0,11.4,0.19,159,2568.6,150/300/200mg
1956,Vietnam,Air,25-Nov-08,25-Nov-08,ARV,Adult,30,8400,85596.0,10.19,0.34,613,3247.73,600mg
1957,Vietnam,Air,3-Dec-08,3-Dec-08,ARV,Adult,60,3648,26448.0,7.25,0.12,323,2335.19,150/200/30mg
2153,Vietnam,Air,27-Nov-08,27-Nov-08,ARV,Adult,60,6000,17400.0,2.9,0.05,581,2653.27,200mg
2297,Vietnam,Air,7-Apr-09,7-Apr-09,ARV,Adult,60,9000,21600.0,2.4,0.04,2228,9809.7,150mg
2298,Vietnam,Air,10-Apr-09,10-Apr-09,ARV,Adult,60,700,7805.0,11.15,0.19,See ASN-3562 (ID#:960),See ASN-3562 (ID#:960),150/300/200mg
2559,Vietnam,Air,8-Jun-09,8-Jun-09,ARV,Adult,30,150,1950.0,13.0,0.43,30,4111.71,250mg
2588,Vietnam,Air,19-Aug-09,19-Aug-09,ARV,Pediatric,60,120,840.0,7.0,0.12,Weight Captured Separately,Freight Included in Commodity Cost,25mg
2655,Vietnam,Air,1-Sep-06,1-Sep-06,ARV,Adult,30,1000,17000.0,17.0,0.57,61,7682.69,300mg
2656,Vietnam,Air,11-Aug-06,11-Aug-06,ARV,Adult,60,35000,152250.0,4.35,0.07,See ASN-55 (ID#:16),See ASN-55 (ID#:16),200mg
2657,Vietnam,Air,11-Aug-06,11-Aug-06,ARV,Adult,60,20000,338000.0,16.9,0.28,See ASN-55 (ID#:16),See ASN-55 (ID#:16),150/300mg
2686,Vietnam,Air,14-Mar-07,14-Mar-07,ARV,Pediatric,240,1000,5050.0,5.05,0.02,3822,25124.12,10mg/ml
2687,Vietnam,Air,14-Mar-07,14-Mar-07,ARV,Pediatric,240,1000,2440.0,2.44,0.01,See ASN-272 (ID#:1282),See ASN-272 (ID#:1282),10mg/ml
2708,Vietnam,Air,9-Jul-07,9-Jul-07,ARV,Adult,60,25000,187500.0,7.5,0.12,2336,21150.56,150/200/30mg
2765,Vietnam,Air,2-Oct-07,2-Oct-07,ARV,Adult,30,22500,277425.0,12.33,0.41,2895,18045.24,600mg
2766,Vietnam,Air,2-Oct-07,2-Oct-07,ARV,Pediatric,240,500,950.0,1.9,0.01,See ASN-744 (ID#:1356),See ASN-744 (ID#:1356),10mg/ml
2767,Vietnam,Air,8-Nov-07,8-Nov-07,ARV,Pediatric,60,800,5600.0,7.0,0.12,161,2514.05,25mg
2785,Vietnam,Air,10-Sep-07,10-Sep-07,ARV,Pediatric,300,200,16440.0,82.2,0.27,340,2326.1,80/20mg/ml
3094,Vietnam,Air,7-Jul-08,7-Jul-08,ARV,Adult,60,520,13000.0,25.0,0.42,137,5260.46,300mg
3096,Vietnam,Air,17-Jun-08,17-Jun-08,ARV,Adult,60,2576,3889.76,1.51,0.03,121,2789.74,30mg
3097,Vietnam,Air,20-Jun-08,20-Jun-08,ARV,Adult,60,2464,3720.64,1.51,0.03,114,2879.96,30mg
3261,Vietnam,Air,20-Sep-08,20-Sep-08,ARV,Adult,30,2016,24917.76,12.36,0.41,120,5921.97,300mg
3302,Vietnam,Air,29-Nov-08,29-Nov-08,ARV,Adult,60,1440,10440.0,7.25,0.12,128,2147.61,150/200/30mg
3456,Vietnam,Air,23-Feb-09,23-Feb-09,ARV,Adult,60,6156,14774.4,2.4,0.04,1044,3854.23,150mg
3615,Vietnam,Air,11-Apr-09,11-Apr-09,ARV,Adult,60,336,2520.0,7.5,0.12,18,2525.73,300mg
3616,Vietnam,Air,7-Apr-09,7-Apr-09,ARV,Adult,60,300,3345.0,11.15,0.19,See ASN-3561 (ID#:2297),See ASN-3561 (ID#:2297),150/300/200mg
4020,Vietnam,Air,2-Oct-07,2-Oct-07,ARV,Adult,60,1500,41475.0,27.65,0.46,See ASN-737 (ID#:2765),See ASN-737 (ID#:2765),300mg
3846,Vietnam,Air,21-Jul-09,21-Jul-09,ARV,Adult,60,35616,240408.0,6.75,0.11,3479,10048.1,150/200/30mg
3848,Vietnam,Air,3-Aug-09,3-Aug-09,ARV,Adult,30,6552,42588.0,6.5,0.22,524,4453.71,600mg
3851,Vietnam,Air,10-Jul-09,10-Jul-09,ARV,Adult,60,15960,23142.0,1.45,0.02,1815,9931.49,30mg
3852,Vietnam,Air,10-Jul-09,10-Jul-09,ARV,Adult,60,3500,39025.0,11.15,0.19,See ASN-4419 (ID#:3851),See ASN-4419 (ID#:3851),150/300/200mg
3880,Vietnam,Air,23-Jul-09,23-Jul-09,ARV,Pediatric,60,120,840.0,7.0,0.12,Weight Captured Separately,Freight Included in Commodity Cost,25mg
3956,Vietnam,Air,27-Mar-07,27-Mar-07,ARV,Adult,270,200,32688.0,163.44,0.61,54,13981.96,250mg
4021,Vietnam,Air,10-Sep-07,10-Sep-07,ARV,Adult,120,1000,82190.0,82.19,0.68,226,2923.46,200/50mg
4198,Vietnam,Air,22-Jan-08,7-Mar-08,ARV,Adult,120,2000,164400.0,82.2,0.68,513,5866.31,200/50mg
4215,Vietnam,Air,22-Jan-08,22-Jan-08,ARV,Adult,60,800,1400.0,1.75,0.03,See ASN-1231 (ID#:2947),See ASN-1231 (ID#:2947),20mg
4367,Vietnam,Air,7-Jul-08,7-Jul-08,ARV,Pediatric,60,408,3162.0,7.75,0.13,See ASN-2023 (ID#:3094),See ASN-2023 (ID#:3094),100mg
4368,Vietnam,Air,12-Aug-08,12-Aug-08,ARV,Adult,60,10420,77108.0,7.4,0.12,1000,7526.06,150/200/30mg
4369,Vietnam,Air,19-Sep-08,19-Sep-08,ARV,Adult,60,9600,71040.0,7.4,0.12,920,7265.05,150/200/30mg
4372,Vietnam,Air,16-Jul-08,16-Jul-08,ARV,Adult,120,1520,124944.0,82.2,0.68,385,4393.32,200/50mg
4373,Vietnam,Air,14-Jul-08,14-Jul-08,ARV,Adult,120,800,65760.0,82.2,0.68,208,3449.4,200/50mg
4456,Vietnam,Air,11-Oct-08,11-Oct-08,ARV,Adult,60,15360,113664.0,7.4,0.12,1360,5412.14,150/200/30mg
4457,Vietnam,Air,19-Sep-08,19-Sep-08,ARV,Adult,60,2180,6997.8,3.21,0.05,242,5881.57,200mg
4458,Vietnam,Air,19-Sep-08,19-Sep-08,ARV,Adult,60,2016,18648.0,9.25,0.15,185,5551.97,150/300mg
4459,Vietnam,Air,30-Sep-08,30-Sep-08,ARV,Pediatric,60,400,2800.0,7.0,0.12,81,2035.66,25mg
4460,Vietnam,Air,19-Sep-08,19-Sep-08,ARV,Adult,30,10080,103219.2,10.24,0.34,See ASN-2336 (ID#:530),See ASN-2336 (ID#:530),600mg
4635,Vietnam,Air,25-Sep-08,25-Sep-08,ARV,Adult,60,1848,5359.2,2.9,0.05,327,3171.36,200mg
4921,Vietnam,Air,10-Apr-09,10-Apr-09,ARV,Adult,60,5200,15080.0,2.9,0.05,See ASN-3562 (ID#:960),See ASN-3562 (ID#:960),200mg
5249,Vietnam,Air,15-Sep-06,15-Sep-06,ARV,Adult,180,198,35802.36,180.82,1.0,389,7286.16,133.3/33.3mg
5279,Vietnam,Air,14-Mar-07,14-Mar-07,ARV,Adult,60,98400,329640.0,3.35,0.06,4300,27923.26,150mg
5280,Vietnam,Air,14-Mar-07,16-May-07,ARV,Pediatric,60,1700,17850.0,10.5,0.18,356,14982.1,100mg
5281,Vietnam,Air,14-Mar-07,14-Mar-07,ARV,Adult,60,700,30835.0,44.05,0.73,See ASN-276 (ID#:2686),See ASN-276 (ID#:2686),300mg
5282,Vietnam,Air,14-Mar-07,14-Mar-07,ARV,Adult,30,38300,641525.0,16.75,0.56,See ASN-276 (ID#:2686),See ASN-276 (ID#:2686),600mg
5283,Vietnam,Air,16-Apr-07,16-Apr-07,ARV,Adult,120,1320,238682.4,180.82,1.51,304,13453.12,200/50mg
5522,Vietnam,Air,6-Mar-08,6-Mar-08,ARV,Adult,120,1000,82200.0,82.2,0.68,249,3120.92,200/50mg
5534,Vietnam,Air,1-Feb-08,1-Feb-08,ARV,Adult,60,600,900.0,1.5,0.02,See ASN-1230 (ID#:1530),See ASN-1230 (ID#:1530),15mg
5701,Vietnam,Air,14-Jul-08,14-Jul-08,ARV,Adult,60,500,12500.0,25.0,0.42,124,5217.59,300mg
5703,Vietnam,Air,1-Jun-08,22-May-08,ARV,Adult,30,2016,27538.56,13.66,0.46,122,2864.44,300mg
5793,Vietnam,Air,19-Sep-08,19-Sep-08,ARV,Adult,60,3024,27972.0,9.25,0.15,703,10356.86,150/300mg
5794,Vietnam,Air,16-Nov-08,16-Nov-08,ARV,Adult,120,1040,85488.0,82.2,0.68,251,2519.89,200/50mg
5796,Vietnam,Air,20-Sep-08,20-Sep-08,ARV,Adult,60,9576,24897.6,2.6,0.04,889,7884.8,150mg
5894,Vietnam,Air,3-Sep-08,3-Sep-08,ARV,Adult,60,15960,38304.0,2.4,0.04,755,6609.02,150mg
5895,Vietnam,Air,19-Sep-08,19-Sep-08,ARV,Adult,30,5040,62294.4,12.36,0.41,301,4883.46,300mg
5935,Vietnam,Air,2-Dec-08,2-Dec-08,ARV,Adult,120,6,493.2,82.2,0.68,9,2709.98,200/50mg
5936,Vietnam,Air,21-Nov-08,21-Nov-08,ARV,Adult,60,880,20680.0,23.5,0.39,331,2771.84,300mg
5937,Vietnam,Air,21-Nov-08,21-Nov-08,ARV,Pediatric,60,280,1960.0,7.0,0.12,60,1516.05,25mg
6081,Vietnam,Air,27-Feb-09,27-Feb-09,ARV,Adult,60,6966,16718.4,2.4,0.04,1068,3894.21,150mg
6082,Vietnam,Air,23-Feb-09,23-Feb-09,ARV,Adult,60,4200,12180.0,2.9,0.05,See ASN-3313 (ID#:3456),See ASN-3313 (ID#:3456),200mg
6257,Vietnam,Air,7-Apr-09,7-Apr-09,ARV,Adult,60,9576,13885.2,1.45,0.02,See ASN-3561 (ID#:2297),See ASN-3561 (ID#:2297),30mg
6381,Vietnam,Air,26-Mar-09,26-Mar-09,ARV,Pediatric,60,260,3315.0,12.75,0.21,56,2246.81,100mg
6517,Vietnam,Air,10-Jul-09,10-Jul-09,ARV,Adult,60,6048,8769.6,1.45,0.02,See ASN-4420 (ID#:1183),See ASN-4420 (ID#:1183),30mg
6544,Vietnam,Air,22-Jun-09,22-Jun-09,ARV,Pediatric,60,120,840.0,7.0,0.12,Weight Captured Separately,Freight Included in Commodity Cost,25mg
6546,Vietnam,Air,28-Jul-09,28-Jul-09,ARV,Pediatric,60,320,2240.0,7.0,0.12,See ASN-4488 (ID#:1213),See ASN-4488 (ID#:1213),25mg
6600,Vietnam,Air,1-Sep-06,1-Sep-06,ARV,Adult,60,2080,8299.2,3.99,0.07,87,10657.19,150mg
6601,Vietnam,Air,4-Sep-06,4-Sep-06,ARV,Adult,30,19000,323000.0,17.0,0.57,1520,19044.32,600mg
6625,Vietnam,Air,16-Mar-07,16-Mar-07,ARV,Adult,30,1900,32300.0,17.0,0.57,116,14571.5,300mg
6626,Vietnam,Air,14-Mar-07,14-Mar-07,ARV,Pediatric,200,1000,1450.0,1.45,0.01,See ASN-276 (ID#:2686),See ASN-276 (ID#:2686),1mg/ml
6627,Vietnam,Air,14-Mar-07,14-Mar-07,ARV,Adult,60,83000,282200.0,3.4,0.06,See ASN-273 (ID#:1283),See ASN-273 (ID#:1283),200mg
6691,Vietnam,Air,24-Oct-07,24-Oct-07,ARV,Adult,60,100,894.0,8.94,0.15,6,2794.34,300mg
6692,Vietnam,Air,10-Sep-07,10-Sep-07,ARV,Adult,120,1000,82190.0,82.19,0.68,226,5294.51,200/50mg
6724,Vietnam,Air,19-Dec-07,19-Dec-07,ARV,Pediatric,60,1200,9300.0,7.75,0.13,249,3719.91,100mg
7007,Vietnam,Truck,12-May-08,16-Apr-08,ARV,Adult,30,1968,40717.92,20.69,0.69,Weight Captured Separately,1401.49,300mg
7030,Vietnam,Air,17-Jul-08,17-Jul-08,ARV,Pediatric,60,400,2800.0,7.0,0.12,82,2211.05,25mg
7032,Vietnam,Air,2-Jun-08,2-Jun-08,ARV,Pediatric,100,630,3458.7,5.49,0.05,48,2729.91,100mg
7120,Vietnam,Air,20-Sep-08,20-Sep-08,ARV,Adult,30,672,9179.52,13.66,0.46,See ASN-2335 (ID#:5796),See ASN-2335 (ID#:5796),300mg
7121,Vietnam,Air,19-Sep-08,19-Sep-08,ARV,Adult,60,648,4860.0,7.5,0.12,See ASN-2336 (ID#:530),See ASN-2336 (ID#:530),300mg
7122,Vietnam,Air,11-Aug-08,11-Aug-08,ARV,Adult,60,9275,13448.75,1.45,0.02,432,7444.35,30mg
7218,Vietnam,Air,19-Sep-08,19-Sep-08,ARV,Adult,60,4200,12180.0,2.9,0.05,See ASN-2274 (ID#:610),See ASN-2274 (ID#:610),200mg
7436,Vietnam,Air,27-Feb-09,27-Feb-09,ARV,Adult,60,7800,22620.0,2.9,0.05,See ASN-3312 (ID#:6081),See ASN-3312 (ID#:6081),200mg
7607,Vietnam,Air,7-Apr-09,7-Apr-09,ARV,Adult,60,4032,34715.52,8.61,0.14,See ASN-3561 (ID#:2297),See ASN-3561 (ID#:2297),150/300mg
7837,Vietnam,Air,10-Jul-09,10-Jul-09,ARV,Adult,60,18000,43200.0,2.4,0.04,See ASN-4420 (ID#:1183),See ASN-4420 (ID#:1183),150mg
7921,Vietnam,Air,3-Sep-06,3-Sep-06,ARV,Adult,270,1000,164620.0,164.62,0.61,254,7828.28,250mg
7970,Vietnam,Air,14-Mar-07,14-Mar-07,ARV,Adult,60,100,1084.0,10.84,0.18,See ASN-270 (ID#:5279),See ASN-270 (ID#:5279),300mg
8038,Vietnam,Air,15-Oct-07,15-Oct-07,ARV,Pediatric,240,500,950.0,1.9,0.01,See ASN-781 (ID#:115),See ASN-781 (ID#:115),10mg/ml
8378,Vietnam,Air,17-Jul-08,17-Jul-08,ARV,Adult,30,10080,115718.4,11.48,0.38,772,4408.29,600mg
8459,Vietnam,Air,6-Oct-08,6-Oct-08,ARV,Adult,60,9792,72460.8,7.4,0.12,836,5136.08,150/200/30mg
8460,Vietnam,Air,19-Sep-08,19-Sep-08,ARV,Adult,60,3840,12326.4,3.21,0.05,See ASN-2277 (ID#:5793),See ASN-2277 (ID#:5793),200mg
8461,Vietnam,Air,20-Sep-08,20-Sep-08,ARV,Adult,60,432,3240.0,7.5,0.12,See ASN-2335 (ID#:5796),See ASN-2335 (ID#:5796),300mg
8462,Vietnam,Air,19-Sep-08,19-Sep-08,ARV,Adult,60,14364,37346.4,2.6,0.04,See ASN-2336 (ID#:530),See ASN-2336 (ID#:530),150mg
8603,Vietnam,Air,3-Dec-08,3-Dec-08,ARV,Adult,120,1080,88776.0,82.2,0.68,259,2985.93,200/50mg
8604,Vietnam,Air,24-Nov-08,24-Nov-08,ARV,Adult,60,380,8930.0,23.5,0.39,See ASN-2809 (ID#:1955),See ASN-2809 (ID#:1955),300mg
8605,Vietnam,Air,21-Nov-08,21-Nov-08,ARV,Adult,60,2200,25080.0,11.4,0.19,See ASN-2792 (ID#:5936),See ASN-2792 (ID#:5936),150/300/200mg
8892,Vietnam,Air,9-Apr-09,9-Apr-09,ARV,Adult,60,168,1260.0,7.5,0.12,9,2793.62,300mg
8893,Vietnam,Air,27-Mar-09,27-Mar-09,ARV,Adult,60,24480,168912.0,6.9,0.12,2165,4443.97,150/200/30mg
9151,Vietnam,Air,11-Jul-09,11-Jul-09,ARV,Adult,60,19392,130896.0,6.75,0.11,1899,5209.46,150/200/30mg
9154,Vietnam,Air,10-Jul-09,10-Jul-09,ARV,Adult,60,6000,14400.0,2.4,0.04,See ASN-4419 (ID#:3851),See ASN-4419 (ID#:3851),150mg
9187,Vietnam,Air,23-Jul-09,23-Jul-09,ARV,Pediatric,60,80,560.0,7.0,0.12,Weight Captured Separately,Freight Included in Commodity Cost,25mg
9255,Vietnam,Air,3-Oct-06,3-Oct-06,ARV,Adult,60,1000,44500.0,44.5,0.74,91,7878.06,300mg
9331,Vietnam,Air,2-Oct-07,2-Oct-07,ARV,Adult,60,7000,94500.0,13.5,0.22,See ASN-737 (ID#:2765),See ASN-737 (ID#:2765),150/300/200mg
9366,Vietnam,Air,6-Dec-07,6-Dec-07,ARV,Pediatric,60,1300,10075.0,7.75,0.13,270,3850.43,100mg
9489,Vietnam,Air,22-Jan-08,25-Jan-08,ARV,Adult,60,600,5028.0,8.38,0.14,34,2127.22,300mg
9669,Vietnam,Air,14-Jul-08,14-Jul-08,ARV,Pediatric,60,360,2790.0,7.75,0.13,See ASN-2017 (ID#:5701),See ASN-2017 (ID#:5701),100mg
9673,Vietnam,Air,2-Jun-08,2-Jun-08,ARV,Pediatric,100,1400,7686.0,5.49,0.05,106,2869.03,100mg
9675,Vietnam,Air,18-Jul-08,18-Jul-08,ARV,Adult,30,10080,115718.4,11.48,0.38,772,5893.08,600mg
9676,Vietnam,Air,18-Jul-08,2-Jun-08,ARV,Adult,30,2016,27538.56,13.66,0.46,122,2867.81,300mg
9749,Vietnam,Air,16-Nov-08,16-Nov-08,ARV,Adult,120,1480,121656.0,82.2,0.68,370,2652.33,200/50mg
9750,Vietnam,Air,20-Sep-08,20-Sep-08,ARV,Adult,30,5040,51609.6,10.24,0.34,See ASN-2335 (ID#:5796),See ASN-2335 (ID#:5796),600mg
9874,Vietnam,Air,13-Nov-08,13-Nov-08,ARV,Pediatric,60,240,1680.0,7.0,0.12,52,1516.05,25mg
9918,Vietnam,Air,25-Sep-08,25-Sep-08,ARV,Adult,60,1800,15498.0,8.61,0.14,See ASN-2515 (ID#:4635),See ASN-2515 (ID#:4635),150/300mg
10062,Vietnam,Air,23-Feb-09,23-Feb-09,ARV,Adult,60,6966,16718.4,2.4,0.04,See ASN-3313 (ID#:3456),See ASN-3313 (ID#:3456),150mg
10228,Vietnam,Air,7-Apr-09,7-Apr-09,ARV,Adult,60,7800,22620.0,2.9,0.05,See ASN-3561 (ID#:2297),See ASN-3561 (ID#:2297),200mg
10229,Vietnam,Air,10-Apr-09,10-Apr-09,ARV,Adult,60,22428,32520.6,1.45,0.02,See ASN-3562 (ID#:960),See ASN-3562 (ID#:960),30mg
10246,Vietnam,Air,10-Mar-09,10-Mar-09,ARV,Adult,60,1176,10125.36,8.61,0.14,105,865.6,150/300mg
10438,Vietnam,Air,3-Aug-09,3-Aug-09,ARV,Adult,30,22512,146328.0,6.5,0.22,1775,5761.87,600mg
10476,Vietnam,Air,24-Aug-09,24-Aug-09,ARV,Pediatric,60,480,3360.0,7.0,0.12,Weight Captured Separately,Freight Included in Commodity Cost,25mg
12935,Vietnam,Air,9-Jan-14,9-Jan-14,ARV,Adult,60,11092,74871.0,6.75,0.11,957,1869.41,150/300mg
13027,Vietnam,Air,29-Jul-14,29-Jul-14,ARV,Adult,30,5300,18550.0,3.5,0.12,2922,5616.02,600mg
13093,Vietnam,Air,11-Oct-13,9-Oct-13,ARV,Adult,30,11500,132135.0,11.49,0.38,1295,2021.05,600/300/300mg
13106,Vietnam,Air,16-Sep-14,16-Sep-14,ARV,Adult,30,16000,56800.0,3.55,0.12,1948,3138.25,300mg
13275,Vietnam,Air,13-Jul-15,13-Jul-15,ARV,Adult,30,17760,177600.0,10.0,0.33,2516,3816.3,600/300/300mg
13277,Vietnam,Air,26-Oct-09,26-Oct-09,ARV,Adult,30,1680,13860.0,8.25,0.28,110,791.43,300mg
13555,Vietnam,Air,5-Feb-15,5-Feb-15,ARV,Adult,60,13000,105300.0,8.1,0.13,2672,2504.64,150/300/200mg
13652,Vietnam,Air,30-Sep-09,30-Sep-09,ARV,Adult,30,21504,139776.0,6.5,0.22,1849,4191.83,600mg
13761,Vietnam,Air,3-Oct-12,3-Oct-12,ARV,Adult,30,174,4047.24,23.26,0.78,21,583.66,100mg
13766,Vietnam,Air,17-Dec-14,17-Dec-14,ARV,Adult,30,4000,14200.0,3.55,0.12,Weight Captured Separately,Invoiced Separately,300mg
15368,Vietnam,Air,19-Mar-10,19-Mar-10,ARV,Adult,60,24480,58752.0,2.4,0.04,3536,20910.43,150mg
13904,Vietnam,Air,30-Oct-14,30-Oct-14,ARV,Adult,60,9800,63602.0,6.49,0.11,2235,3708.72,150/300mg
13978,Vietnam,Air,1-Jul-13,1-Jul-13,ARV,Adult,60,9095,62300.75,6.85,0.11,1736,8163.83,150/300mg
14016,Vietnam,Air,7-Nov-14,7-Nov-14,ARV,Adult,60,7600,15808.0,2.08,0.03,1292,2800.95,200mg
14043,Vietnam,Air,30-Mar-10,30-Mar-10,ARV,Adult,30,3528,27342.0,7.75,0.26,395,3538.57,300mg
14265,Vietnam,Air,24-May-13,24-May-13,ARV,Pediatric,240,263,486.55,1.85,0.01,182,5970.85,10mg/ml
14309,Vietnam,Air,15-Jan-13,15-Jan-13,ARV,Adult,120,3812,231845.84,60.82,0.51,824,3216.15,200/50mg
14331,Vietnam,Air,28-Sep-09,28-Sep-09,ARV,Adult,30,3528,22932.0,6.5,0.22,383,1162.52,600mg
14871,Vietnam,Air,13-Mar-13,13-Mar-13,ARV,Pediatric,60,1769,3714.9,2.1,0.04,1961,7308.37,30/60mg
15149,Vietnam,Air,22-Jun-11,22-Jun-11,ARV,Adult,60,20000,40000.0,2.0,0.03,2806,18207.5,150mg
15248,Vietnam,Air,15-Mar-10,15-Mar-10,ARV,Adult,60,16300,181745.0,11.15,0.19,2011,11648.31,150/300/200mg
15352,Vietnam,Air,29-Jan-13,29-Jan-13,ARV,Pediatric,240,464,858.4,1.85,0.01,437,1222.31,10mg/ml
15738,Vietnam,Air,15-Jul-15,15-Jul-15,ARV,Adult,30,400,9304.0,23.26,0.78,40,642.45,100mg
15772,Vietnam,Air,1-Mar-12,1-Mar-12,ARV,Adult,60,30000,313500.0,10.45,0.17,10210,17392.05,150/300/200mg
15894,Vietnam,Air,23-Aug-10,23-Aug-10,ARV,Adult,60,20500,228575.0,11.15,0.19,2904,14223.39,150/300/200mg
16053,Vietnam,Air,23-Apr-14,23-Apr-14,ARV,Adult,60,14011,25920.35,1.85,0.03,1953,3658.08,150mg
16186,Vietnam,Air,16-May-13,16-May-13,ARV,Adult,60,21858,184044.36,8.42,0.14,2777,4461.72,150/300/200mg
16656,Vietnam,Air,4-Apr-14,4-Apr-14,ARV,Adult,120,1969,119754.58,60.82,0.51,484,1565.1,200/50mg
16725,Vietnam,Air,22-Aug-12,22-Aug-12,ARV,Pediatric,30,3000,6720.0,2.24,0.07,436,1238.16,50mg
16784,Vietnam,Air,25-Apr-13,25-Apr-13,ARV,Adult,30,34640,122972.0,3.55,0.12,2804,9759.55,300mg
16828,Vietnam,Air,29-Mar-10,29-Mar-10,ARV,Adult,60,100,1750.0,17.5,0.29,2128,7784.92,300mg
16901,Vietnam,Air,18-Feb-12,18-Feb-12,ARV,Adult,60,112,1618.4,14.45,0.24,1701,4288.83,300mg
16921,Vietnam,Air,29-Mar-10,29-Mar-10,ARV,Adult,30,11592,52048.08,4.49,0.15,See ASN-6355 (ID#:16828),See ASN-6355 (ID#:16828),600mg
16967,Vietnam,Air,8-Jan-14,8-Jan-14,ARV,Adult,30,319,7419.94,23.26,0.78,1736,5265.22,100mg
17129,Vietnam,Air,23-Oct-13,23-Oct-13,ARV,Adult,30,84000,965160.0,11.49,0.38,9479,14402.92,600/300/300mg
17228,Vietnam,Air,20-Mar-10,20-Mar-10,ARV,Adult,60,336,2520.0,7.5,0.12,120,9013.85,300mg
17501,Vietnam,Air,25-Sep-13,25-Sep-13,ARV,Adult,60,771,9444.75,12.25,0.2,136,678.96,300mg
17697,Vietnam,Air,9-Feb-11,9-Feb-11,ARV,Adult,60,19760,94848.0,4.8,0.08,3998,12974.12,150/200/30mg
17861,Vietnam,Air,15-Mar-10,15-Mar-10,ARV,Adult,60,19920,114340.8,5.74,0.1,1936,5314.56,150/200/30mg
18227,Vietnam,Air,11-Aug-11,11-Aug-11,ARV,Adult,60,25000,65000.0,2.6,0.04,3098,12745.06,200mg
18240,Vietnam,Air,5-Dec-12,5-Dec-12,ARV,Adult,60,14842,105081.36,7.08,0.12,1364,2348.57,150/300mg
18373,Vietnam,Air,18-Feb-12,18-Feb-12,ARV,Adult,30,3548,14369.4,4.05,0.13,See ASN-13410 (ID#:16901),See ASN-13410 (ID#:16901),600mg
18500,Vietnam,Air,11-Mar-10,11-Mar-10,ARV,Adult,120,4280,351816.0,82.2,0.68,1063,11167.45,200/50mg
18629,Vietnam,Air,16-Apr-12,16-Apr-12,ARV,Adult,30,6549,92340.9,14.1,0.47,1208,3306.51,600/300/300mg
18664,Vietnam,Air,23-Apr-14,23-Apr-14,ARV,Adult,60,1436,16442.2,11.45,0.19,2832,7474.2,300mg
18673,Vietnam,Air,19-Mar-15,19-Mar-15,ARV,Adult,60,9000,72900.0,8.1,0.13,Weight Captured Separately,Invoiced Separately,150/300/200mg
19142,Vietnam,Air,9-Apr-13,9-Apr-13,ARV,Adult,30,373,8675.98,23.26,0.78,55,17.72,100mg
19406,Vietnam,Air,2-Apr-13,2-Apr-13,ARV,Adult,60,1082,6221.5,5.75,0.1,2228,3565.08,300mg
19512,Vietnam,Air,24-Apr-12,24-Apr-12,ARV,Adult,30,5451,76859.1,14.1,0.47,1675,3401.49,600/300/300mg
19630,Vietnam,Air,9-Jan-13,9-Jan-13,ARV,Pediatric,240,136,251.6,1.85,0.01,173,1079.39,10mg/ml
19712,Vietnam,Air,23-Apr-14,23-Apr-14,ARV,Adult,30,2516,8151.84,3.24,0.11,See ASN-24394 (ID#:16053),See ASN-24394 (ID#:16053),600mg
19771,Vietnam,Air,16-Jul-10,16-Jul-10,ARV,Adult,120,5530,454566.0,82.2,0.68,1348,10670.09,200/50mg
19840,Vietnam,Air,14-Apr-15,14-Apr-15,ARV,Adult,60,1900,21280.0,11.2,0.19,2356,3688.77,300mg
19905,Vietnam,Air,8-Dec-10,8-Dec-10,ARV,Adult,60,20000,165000.0,8.25,0.14,1951,13083.7,150/300mg
19940,Vietnam,Air,3-Nov-14,3-Nov-14,ARV,Adult,60,20000,129800.0,6.49,0.11,1725,3273.14,150/300mg
20219,Vietnam,Air,14-Dec-12,14-Dec-12,ARV,Adult,60,10158,71918.64,7.08,0.12,941,1934.17,150/300mg
20274,Vietnam,Air,22-Sep-14,15-Sep-14,ARV,Adult,30,17280,181440.0,10.5,0.35,2401,3701.66,600/300/300mg
20321,Vietnam,Air,2-Oct-12,2-Oct-12,ARV,Adult,60,331,4220.25,12.75,0.21,2951,7211.04,300mg
20349,Vietnam,Air,2-Oct-12,2-Oct-12,ARV,Adult,30,30704,137860.96,4.49,0.15,See ASN-16124 (ID#:20321),See ASN-16124 (ID#:20321),300mg
20371,Vietnam,Air,9-Oct-12,9-Oct-12,ARV,Pediatric,60,1302,5403.3,4.15,0.07,4587,11252.53,30/50/60mg
20506,Vietnam,Air,7-Jul-15,7-Jul-15,ARV,Adult,30,17300,54495.0,3.15,0.1,1320,2730.91,300mg
20697,Vietnam,Air,29-Nov-12,29-Nov-12,ARV,Pediatric,240,564,1099.8,1.95,0.01,5939,10770.55,10mg/ml
20878,Vietnam,Air,24-Feb-11,24-Feb-11,ARV,Adult,336,12,2478.12,206.51,0.61,51,4042.47,100mg
20961,Vietnam,Air,1-Aug-13,1-Aug-13,ARV,Adult,30,27122,311631.78,11.49,0.38,2843,9740.27,600/300/300mg
21044,Vietnam,Air,23-Dec-13,23-Dec-13,ARV,Adult,60,1652,10721.48,6.49,0.11,146,746.89,150/300mg
21390,Vietnam,Air,15-Jan-15,15-Jan-15,ARV,Adult,60,1200,13308.0,11.09,0.18,128,1069.31,300mg
21480,Vietnam,Air,22-Sep-14,15-Sep-14,ARV,Adult,30,14780,155190.0,10.5,0.35,1671,2718.03,600/300/300mg
21556,Vietnam,Air,22-May-13,22-May-13,ARV,Pediatric,240,837,1548.45,1.85,0.01,526,6368.02,10mg/ml
21576,Vietnam,Air,16-Jan-15,16-Jan-15,ARV,Adult,120,5600,340592.0,60.82,0.51,1368,4489.32,200/50mg
21666,Vietnam,Air,7-Sep-15,7-Sep-15,ARV,Adult,30,5000,16500.0,3.3,0.11,Weight Captured Separately,Invoiced Separately,600mg
21674,Vietnam,Air,18-Feb-12,18-Feb-12,ARV,Adult,60,15211,120927.45,7.95,0.13,See ASN-13410 (ID#:16901),See ASN-13410 (ID#:16901),150/300mg
21705,Vietnam,Air,18-Mar-13,18-Mar-13,ARV,Adult,30,23389,268739.61,11.49,0.38,2741,4802.92,600/300/300mg
21752,Vietnam,Air,13-Aug-10,13-Aug-10,ARV,Adult,30,252,3276.0,13.0,0.43,1553,13320.8,250mg
21795,Vietnam,Air,13-Mar-10,13-Mar-10,ARV,Adult,60,15040,86329.6,5.74,0.1,1481,6390.83,150/200/30mg
21868,Vietnam,Air,27-Jul-11,27-Jul-11,ARV,Adult,60,12000,87000.0,7.25,0.12,664,6247.82,300mg
22073,Vietnam,Air,21-Dec-12,21-Dec-12,ARV,Adult,120,5188,315534.16,60.82,0.51,1138,3622.58,200/50mg
22186,Vietnam,Air,23-Oct-09,23-Oct-09,ARV,Adult,60,1008,8678.88,8.61,0.14,1015,3796.95,150/300mg
22196,Vietnam,Air,26-Nov-14,26-Nov-14,ARV,Adult,30,21000,62580.0,2.98,0.1,3244,6195.84,600mg
22301,Vietnam,Air,28-Dec-12,28-Dec-12,ARV,Adult,30,23251,278779.49,11.99,0.4,2641,4503.42,600/300/300mg
22531,Vietnam,Air,7-Jan-10,7-Jan-10,ARV,Adult,60,19600,120540.0,6.15,0.1,1926,12423.96,150/200/30mg
22728,Vietnam,Air,10-Mar-10,10-Mar-10,ARV,Adult,30,30912,200928.0,6.5,0.22,2405,11448.01,600mg
22812,Vietnam,Air,11-Aug-15,11-Aug-15,ARV,Adult,30,400,9304.0,23.26,0.78,Weight Captured Separately,Invoiced Separately,100mg
22843,Vietnam,Air,16-Jan-15,16-Jan-15,ARV,Adult,30,200,4652.0,23.26,0.78,Weight Captured Separately,Invoiced Separately,100mg
22876,Vietnam,Air,10-Jul-15,7-Jul-15,ARV,Adult,30,17760,177600.0,10.0,0.33,Weight Captured Separately,Invoiced Separately,600/300/300mg
23105,Vietnam,Air,9-May-11,9-May-11,ARV,Adult,336,14,2891.14,206.51,0.61,52,7339.84,100mg
23156,Vietnam,Air,13-Aug-14,30-Jul-14,ARV,Adult,30,16528,173544.0,10.5,0.35,3283,5173.14,600/300/300mg
23159,Vietnam,Air,6-Sep-10,6-Sep-10,ARV,Adult,336,24,7365.12,306.88,0.91,60,3981.97,100mg
23192,Vietnam,Air,23-Apr-14,23-Apr-14,ARV,Adult,30,9683,34374.65,3.55,0.12,See ASN-24394 (ID#:16053),See ASN-24394 (ID#:16053),300mg
23664,Vietnam,Air,9-Nov-10,9-Nov-10,ARV,Adult,30,42836,184194.8,4.3,0.14,3494,10711.06,600mg
23691,Vietnam,Air,2-Jul-13,2-Jul-13,ARV,Adult,30,30118,97281.14,3.23,0.11,1782,9648.44,600mg
23866,Vietnam,Air,15-Sep-09,15-Sep-09,ARV,Adult,120,560,46032.0,82.2,0.68,83,436.86,200/50mg
23904,Vietnam,Air,20-Mar-10,20-Mar-10,ARV,Adult,60,168,1260.0,7.5,0.12,9,4138.11,300mg
23957,Vietnam,Air,17-Dec-14,17-Dec-14,ARV,Adult,30,19200,201600.0,10.5,0.35,2877,4312.92,600/300/300mg
24345,Vietnam,Air,22-Jun-10,22-Jun-10,ARV,Adult,60,20651,227161.0,11.0,0.18,2367,10648.45,150/300/200mg
24591,Vietnam,Air,28-May-11,28-May-11,ARV,Adult,120,3010,247422.0,82.2,0.68,756,9193.82,200/50mg
24790,Vietnam,Air,1-Jul-13,1-Jul-13,ARV,Adult,60,717,8783.25,12.25,0.2,See ASN-19787 (ID#:13978),See ASN-19787 (ID#:13978),300mg
24868,Vietnam,Air,9-Apr-13,9-Apr-13,ARV,Adult,120,4164,253254.48,60.82,0.51,992,3212.25,200/50mg
24872,Vietnam,Air,13-May-13,13-May-13,ARV,Adult,60,26997,59663.37,2.21,0.04,1726,11984.91,200mg
24875,Vietnam,Air,16-Aug-14,16-Aug-14,ARV,Adult,60,27900,225990.0,8.1,0.13,3868,7238.46,150/300/200mg
24993,Vietnam,Air,26-Nov-14,26-Nov-14,ARV,Adult,60,14500,24940.0,1.72,0.03,See ASN-28777 (ID#:22196),See ASN-28777 (ID#:22196),150mg
25201,Vietnam,Air,6-Jul-10,6-Jul-10,ARV,Adult,60,16500,183975.0,11.15,0.19,3802,26084.14,150/300/200mg
25323,Vietnam,Air,3-Sep-15,3-Sep-15,ARV,Adult,60,2500,5400.0,2.16,0.04,Weight Captured Separately,Invoiced Separately,200mg
25522,Vietnam,Air,9-Feb-11,9-Feb-11,ARV,Adult,60,5977,14524.11,2.43,0.04,See ASN-9407 (ID#:17697),See ASN-9407 (ID#:17697),200mg
25760,Vietnam,Air,21-Sep-10,21-Sep-10,ARV,Adult,60,1247,3167.38,2.54,0.04,71,4035.45,200mg
25782,Vietnam,Air,16-Sep-14,16-Sep-14,ARV,Adult,60,600,6870.0,11.45,0.19,See ASN-27809 (ID#:13106),See ASN-27809 (ID#:13106),300mg
25796,Vietnam,Air,27-Nov-13,27-Nov-13,ARV,Adult,60,23063,155675.25,6.75,0.11,1984,3225.12,150/300mg
25809,Vietnam,Air,3-Sep-13,3-Sep-13,ARV,Adult,60,12488,101777.2,8.15,0.14,1846,3314.03,150/300/200mg
25886,Vietnam,Air,26-Oct-09,26-Oct-09,ARV,Adult,60,8500,94775.0,11.15,0.19,3099,5018.69,150/300/200mg
25926,Vietnam,Air,22-Sep-14,22-Sep-14,ARV,Adult,30,7000,24850.0,3.55,0.12,2190,3467.7,300mg
29140,Vietnam,Air,24-Dec-13,24-Dec-13,ARV,Adult,60,809,9222.6,11.4,0.19,81,459.72,300mg
26192,Vietnam,Air,1-Jun-15,1-Jun-15,ARV,Adult,30,18616,188952.4,10.15,0.34,2101,4384.01,600/300/300mg
26612,Vietnam,Air,13-Aug-14,13-Aug-14,ARV,Adult,60,18600,34410.0,1.85,0.03,2175,4354.8,150mg
26718,Vietnam,Air,24-May-13,24-May-13,ARV,Pediatric,240,179,375.9,2.1,0.01,See ASN-19193 (ID#:14265),See ASN-19193 (ID#:14265),10mg/ml
26985,Vietnam,Air,16-May-13,16-May-13,ARV,Pediatric,60,3881,15524.0,4.0,0.07,See ASN-18971 (ID#:16186),See ASN-18971 (ID#:16186),30/50/60mg
27267,Vietnam,Air,29-Nov-12,29-Nov-12,ARV,Adult,60,37215,320049.0,8.6,0.14,See ASN-17075 (ID#:20697),See ASN-17075 (ID#:20697),150/300/200mg
27460,Vietnam,Air,29-Jul-14,29-Jul-14,ARV,Adult,60,1600,18320.0,11.45,0.19,See ASN-26923 (ID#:13027),See ASN-26923 (ID#:13027),300mg
27833,Vietnam,Air,13-Jul-13,13-Jul-13,ARV,Adult,30,42699,490611.51,11.49,0.38,4806,18700.09,600/300/300mg
27875,Vietnam,Air,9-Jan-13,9-Jan-13,ARV,Pediatric,240,309,648.9,2.1,0.01,See ASN-17572 (ID#:19630),See ASN-17572 (ID#:19630),10mg/ml
28031,Vietnam,Air,30-Mar-10,30-Mar-10,ARV,Adult,30,84,1092.0,13.0,0.43,6,363.96,250mg
28085,Vietnam,Air,1-Mar-12,1-Mar-12,ARV,Adult,60,388,5606.6,14.45,0.24,See ASN-13475 (ID#:15772),See ASN-13475 (ID#:15772),300mg
28241,Vietnam,Air,7-Oct-13,7-Oct-13,ARV,Adult,120,8566,520984.12,60.82,0.51,2042,6969.82,200/50mg
28506,Vietnam,Air,25-Sep-13,25-Sep-13,ARV,Adult,60,503,2892.25,5.75,0.1,See ASN-21668 (ID#:17501),See ASN-21668 (ID#:17501),300mg
28544,Vietnam,Air,26-Mar-15,26-Mar-15,ARV,Adult,60,5700,36993.0,6.49,0.11,498,1477.34,150/300mg
28595,Vietnam,Air,22-Sep-14,22-Sep-14,ARV,Adult,30,8640,90720.0,10.5,0.35,See ASN-27812 (ID#:25926),See ASN-27812 (ID#:25926),600/300/300mg
28998,Vietnam,Air,3-Jun-13,3-Jun-13,ARV,Adult,120,3885,236285.7,60.82,0.51,930,8303.48,200/50mg
29071,Vietnam,Air,12-Oct-12,12-Oct-12,ARV,Adult,60,17240,131886.0,7.65,0.13,1496,2480.22,150/300mg
29298,Vietnam,Air,1-Apr-10,1-Apr-10,ARV,Adult,60,800,14000.0,17.5,0.29,3002,6808.99,300mg
29317,Vietnam,Air,20-Mar-14,20-Mar-14,ARV,Adult,60,6000,13500.0,2.25,0.04,594,1113.01,200mg
29427,Vietnam,Air,28-Feb-11,28-Feb-11,ARV,Adult,30,3696,24948.0,6.75,0.22,314,4885.33,300mg
29479,Vietnam,Air,5-Feb-15,5-Feb-15,ARV,Adult,60,900,9981.0,11.09,0.18,100,2504.65,300mg
29616,Vietnam,Air,3-Sep-15,3-Sep-15,ARV,Adult,30,17952,170544.0,9.5,0.32,Weight Captured Separately,Invoiced Separately,600/300/300mg
29677,Vietnam,Air,29-Nov-12,29-Nov-12,ARV,Pediatric,300,300,18246.0,60.82,0.2,275,1015.98,80/20mg/ml
29752,Vietnam,Air,26-Nov-12,26-Nov-12,ARV,Adult,30,40000,520000.0,13.0,0.43,4233,6878.63,600/300/300mg
29880,Vietnam,Air,13-Jul-15,13-Jul-15,ARV,Adult,60,15400,27720.0,1.8,0.03,2486,3775.5,150mg
29979,Vietnam,Air,21-Dec-10,21-Dec-10,ARV,Adult,60,270,4050.0,15.0,0.25,358,5294.24,300mg
30030,Vietnam,Air,8-Dec-10,8-Dec-10,ARV,Adult,60,168,1218.0,7.25,0.12,See ASN-8909 (ID#:19905),See ASN-8909 (ID#:19905),300mg
30186,Vietnam,Air,3-Nov-10,3-Nov-10,ARV,Adult,60,200,3148.0,15.74,0.26,22,3587.81,300mg
30256,Vietnam,Air,3-Aug-10,3-Aug-10,ARV,Adult,60,4065,10569.0,2.6,0.04,497,6269.65,200mg
30618,Vietnam,Air,15-May-12,15-May-12,ARV,Adult,60,632,8216.0,13.0,0.22,4669,8334.77,300mg
30904,Vietnam,Air,23-Mar-15,26-Mar-15,ARV,Adult,30,22232,225654.8,10.15,0.34,2510,4363.06,600/300/300mg
30974,Vietnam,Air,16-Sep-13,16-Sep-13,ARV,Adult,30,429,9978.54,23.26,0.78,43,421.24,100mg
31116,Vietnam,Air,27-Jul-11,27-Jul-11,ARV,Adult,60,18406,202466.0,11.0,0.18,2571,13880.57,150/300/200mg
31146,Vietnam,Air,20-Dec-11,20-Dec-11,ARV,Adult,60,9030,95718.0,10.6,0.18,1054,5726.24,150/300/200mg
31203,Vietnam,Air,15-May-12,15-May-12,ARV,Pediatric,60,13877,57589.55,4.15,0.07,See ASN-14757 (ID#:30618),See ASN-14757 (ID#:30618),30/50/60mg
31430,Vietnam,Air,4-Apr-14,4-Apr-14,ARV,Adult,30,100,2326.0,23.26,0.78,Weight Captured Separately,Invoiced Separately,100mg
31861,Vietnam,Air,23-Nov-11,23-Nov-11,ARV,Adult,60,292,4231.08,14.49,0.24,30,4525.05,300mg
31712,Vietnam,Air,30-Jan-13,30-Jan-13,ARV,Pediatric,30,1760,3555.2,2.02,0.07,126,798.95,50mg
31909,Vietnam,Air,22-Apr-14,22-Apr-14,ARV,Adult,30,21252,223146.0,10.5,0.35,2982,8036.88,600/300/300mg
31941,Vietnam,Air,24-Sep-13,24-Sep-13,ARV,Adult,30,27186,88082.64,3.24,0.11,2321,3353.3,600mg
32094,Vietnam,Air,1-Apr-10,1-Apr-10,ARV,Adult,30,23520,105604.8,4.49,0.15,See ASN-6341 (ID#:29298),See ASN-6341 (ID#:29298),600mg
32150,Vietnam,Air,14-Sep-15,14-Sep-15,ARV,Adult,120,300,18240.0,60.8,0.51,Weight Captured Separately,Invoiced Separately,200/50mg
32189,Vietnam,Air,10-Jul-15,7-Jul-15,ARV,Adult,30,17760,177600.0,10.0,0.33,2523,4784.19,600/300/300mg
32306,Vietnam,Air,31-Mar-15,31-Mar-15,ARV,Adult,30,2800,9800.0,3.5,0.12,953,1593.67,600mg
32422,Vietnam,Air,21-Apr-14,21-Apr-14,ARV,Adult,30,24556,257838.0,10.5,0.35,3443,6323.76,600/300/300mg
32496,Vietnam,Air,23-Dec-13,23-Dec-13,ARV,Adult,60,4848,31463.52,6.49,0.11,415,1009.6,150/300mg
32729,Vietnam,Air,6-Jan-14,6-Jan-14,ARV,Adult,30,81,1884.06,23.26,0.78,6,3549.7,100mg
32742,Vietnam,Air,22-Jun-11,22-Jun-11,ARV,Adult,60,1416,10266.0,7.25,0.12,See ASN-11024 (ID#:15149),See ASN-11024 (ID#:15149),300mg
32743,Vietnam,Air,22-Oct-14,22-Oct-14,ARV,Adult,120,2000,121640.0,60.82,0.51,499,1467.82,200/50mg
33144,Vietnam,Air,20-May-10,20-May-10,ARV,Adult,30,4536,34020.0,7.5,0.25,266,3678.45,300mg
33422,Vietnam,Air,15-May-13,15-May-13,ARV,Adult,60,14142,119075.64,8.42,0.14,1741,3821.49,150/300/200mg
33441,Vietnam,Air,24-Dec-14,24-Dec-14,ARV,Adult,30,6000,21300.0,3.55,0.12,2490,4545.64,300mg
33494,Vietnam,Air,30-Jul-14,30-Jul-14,ARV,Adult,30,9300,33015.0,3.55,0.12,See ASN-26928 (ID#:23156),See ASN-26928 (ID#:23156),300mg
33760,Vietnam,Air,29-Mar-12,29-Mar-12,ARV,Adult,30,18854,77301.4,4.1,0.14,1146,5977.2,600mg
33872,Vietnam,Air,29-Jul-14,29-Jul-14,ARV,Adult,30,22752,238896.0,10.5,0.35,3195,5583.11,600/300/300mg
34062,Vietnam,Air,30-May-14,30-May-14,ARV,Adult,60,9789,66075.75,6.75,0.11,1585,2965.32,150/300mg
34184,Vietnam,Air,10-May-11,10-May-11,ARV,Adult,336,36,7434.36,206.51,0.61,111,7300.68,100mg
34280,Vietnam,Air,3-Aug-10,3-Aug-10,ARV,Adult,60,5600,13160.0,2.35,0.04,See ASN-7485 (ID#:30256),See ASN-7485 (ID#:30256),150mg
34459,Vietnam,Air,28-Sep-12,28-Sep-12,ARV,Adult,60,7760,59364.0,7.65,0.13,675,1587.92,150/300mg
34526,Vietnam,Air,8-Sep-15,8-Sep-15,ARV,Adult,30,450,10467.0,23.26,0.78,Weight Captured Separately,Invoiced Separately,100mg
34582,Vietnam,Air,27-Oct-14,27-Oct-14,ARV,Adult,60,8000,51920.0,6.49,0.11,696,1599.67,150/300mg
34987,Vietnam,Air,13-Jun-14,22-Jan-14,ARV,Adult,30,15500,172825.0,11.15,0.37,1745,3977.24,600/300/300mg
35043,Vietnam,Air,24-Dec-14,13-Dec-14,ARV,Adult,30,18880,198240.0,10.5,0.35,2452,3691.22,600/300/300mg
35053,Vietnam,Air,5-Jun-12,5-Jun-12,ARV,Pediatric,240,200,2500.0,12.5,0.05,546,1340.23,20mg/ml
35054,Vietnam,Air,13-Jul-15,13-Jul-15,ARV,Adult,30,17760,177600.0,10.0,0.33,2516,3809.94,600/300/300mg
35082,Vietnam,Air,28-Sep-09,28-Sep-09,ARV,Adult,30,504,4158.0,8.25,0.28,See ASN-4871 (ID#:14331),See ASN-4871 (ID#:14331),300mg
35250,Vietnam,Air,18-Aug-14,18-Aug-14,ARV,Adult,30,300,6978.0,23.26,0.78,38,1779.09,100mg
35252,Vietnam,Air,29-Mar-10,29-Mar-10,ARV,Adult,60,19152,49795.2,2.6,0.04,See ASN-6355 (ID#:16828),See ASN-6355 (ID#:16828),150mg
35300,Vietnam,Air,6-Jun-11,6-Jun-11,ARV,Adult,60,21000,30450.0,1.45,0.02,1516,11915.51,30mg
35372,Vietnam,Air,26-Nov-14,26-Nov-14,ARV,Adult,60,8400,17472.0,2.08,0.03,See ASN-28777 (ID#:22196),See ASN-28777 (ID#:22196),200mg
35896,Vietnam,Air,22-Jan-14,22-Jan-14,ARV,Adult,60,26598,216773.7,8.15,0.14,3301,5764.28,150/300/200mg
35968,Vietnam,Air,10-Jul-15,10-Jul-15,ARV,Adult,30,14000,49000.0,3.5,0.12,1400,2859.58,600mg
35983,Vietnam,Air,9-Aug-10,9-Aug-10,ARV,Adult,30,3686,25802.0,7.0,0.23,255,6518.69,300mg
36035,Vietnam,Air,29-Jan-13,29-Jan-13,ARV,Adult,30,46749,560520.51,11.99,0.4,7500,19116.64,600/300/300mg
36147,Vietnam,Air,13-Jul-15,13-Jul-15,ARV,Adult,60,10000,21600.0,2.16,0.04,See ASN-32258 (ID#:29880),See ASN-32258 (ID#:29880),200mg
36162,Vietnam,Air,2-Apr-13,2-Apr-13,ARV,Adult,30,17755,57703.75,3.25,0.11,1505,2604.31,600mg
36298,Vietnam,Air,22-Mar-10,22-Mar-10,ARV,Adult,336,60,4603.2,76.72,0.23,170,4256.38,100mg
36464,Vietnam,Air,10-Jul-15,10-Jul-15,ARV,Adult,30,17760,177600.0,10.0,0.33,2523,4761.9,600/300/300mg
36507,Vietnam,Air,9-Feb-11,9-Feb-11,ARV,Adult,60,504,3502.8,6.95,0.12,See ASN-9407 (ID#:17697),See ASN-9407 (ID#:17697),300mg
36603,Vietnam,Air,7-Jun-14,7-Jun-14,ARV,Adult,60,7400,16650.0,2.25,0.04,730,1338.19,200mg
36617,Vietnam,Air,31-Mar-15,31-Mar-15,ARV,Adult,60,800,8960.0,11.2,0.19,See ASN-30941 (ID#:32306),See ASN-30941 (ID#:32306),300mg
36871,Vietnam,Air,30-Jan-13,30-Jan-13,ARV,Pediatric,90,702,3102.84,4.42,0.05,See ASN-17696 (ID#:31712),See ASN-17696 (ID#:31712),200mg
37868,Vietnam,Air,13-Apr-12,13-Apr-12,ARV,Adult,30,21146,86698.6,4.1,0.14,1301,5664.49,600mg
36969,Vietnam,Air,22-Mar-10,22-Mar-10,ARV,Adult,60,1680,12600.0,7.5,0.12,389,9674.88,300mg
36978,Vietnam,Air,4-Feb-13,4-Feb-13,ARV,Pediatric,30,1240,2504.8,2.02,0.07,71,990.04,50mg
37031,Vietnam,Air,10-Dec-12,10-Dec-12,ARV,Pediatric,240,370,684.5,1.85,0.01,2998,4531.29,10mg/ml
37475,Vietnam,Air,2-Feb-13,2-Feb-13,ARV,Pediatric,60,3434,7726.5,2.25,0.04,876,2183.92,30/60mg
37506,Vietnam,Air,22-Mar-10,22-Mar-10,ARV,Adult,120,4165,342363.0,82.2,0.68,1010,5417.87,200/50mg
37526,Vietnam,Air,4-Feb-13,4-Feb-13,ARV,Adult,60,13570,24968.8,1.84,0.03,568,1646.5,150mg
37753,Vietnam,Air,5-Jun-13,5-Jun-13,ARV,Adult,60,23003,50836.63,2.21,0.04,1483,11346.48,200mg
37829,Vietnam,Air,8-Jan-14,8-Jan-14,ARV,Adult,120,7067,429814.94,60.82,0.51,See ASN-23182 (ID#:16967),See ASN-23182 (ID#:16967),200/50mg
37872,Vietnam,Air,12-Dec-13,12-Dec-13,ARV,Adult,60,10762,87172.2,8.1,0.13,1485,2702.63,150/300/200mg
37963,Vietnam,Air,22-Jun-11,22-Jun-11,ARV,Adult,60,1556,4045.6,2.6,0.04,2113,10784.69,200mg
38253,Vietnam,Air,27-Jul-11,27-Jul-11,ARV,Adult,30,8388,54522.0,6.5,0.22,544,9141.18,300mg
38299,Vietnam,Air,3-Apr-13,3-Apr-13,ARV,Adult,60,418,2403.5,5.75,0.1,1089,2006.63,300mg
38480,Vietnam,Air,21-Jun-13,21-Jun-13,ARV,Adult,30,7882,25458.86,3.23,0.11,472,6969.97,600mg
38538,Vietnam,Air,13-Mar-13,13-Mar-13,ARV,Adult,30,16611,190860.39,11.49,0.38,See ASN-18406 (ID#:14871),See ASN-18406 (ID#:14871),600/300/300mg
38571,Vietnam,Air,13-Aug-15,13-Aug-15,ARV,Adult,30,100,2326.0,23.26,0.78,Weight Captured Separately,Invoiced Separately,100mg
39156,Vietnam,Air,1-Apr-10,1-Apr-10,ARV,Adult,60,168,1260.0,7.5,0.12,See ASN-6341 (ID#:29298),See ASN-6341 (ID#:29298),300mg
39263,Vietnam,Air,16-Feb-11,16-Feb-11,ARV,Adult,60,9023,21925.89,2.43,0.04,5359,18473.57,200mg
39391,Vietnam,Air,10-Jul-15,7-Jul-15,ARV,Adult,30,17760,177600.0,10.0,0.33,2523,4784.19,600/300/300mg
39647,Vietnam,Air,5-Sep-11,5-Sep-11,ARV,Adult,60,20000,219000.0,10.95,0.18,2675,9656.19,150/300/200mg
40255,Vietnam,Air,7-Apr-14,7-Apr-14,ARV,Adult,30,400,9304.0,23.26,0.78,Weight Captured Separately,Invoiced Separately,100mg
39833,Vietnam,Air,13-Aug-14,13-Aug-14,ARV,Adult,30,720,7560.0,10.5,0.35,See ASN-26927 (ID#:26612),See ASN-26927 (ID#:26612),600/300/300mg
39873,Vietnam,Air,16-Aug-14,16-Aug-14,ARV,Adult,120,5200,316264.0,60.82,0.51,1272,3824.06,200/50mg
39933,Vietnam,Air,1-Jun-15,1-Jun-15,ARV,Adult,60,16800,109032.0,6.49,0.11,1456,2984,150/300mg
39971,Vietnam,Air,11-Dec-12,11-Dec-12,ARV,Pediatric,60,104,1581.84,15.21,0.25,18,612.07,100/25mg
40443,Vietnam,Air,19-Mar-15,19-Mar-15,ARV,Adult,30,128,2977.28,23.26,0.78,1232,2769.45,100mg
40791,Vietnam,Air,22-Dec-11,22-Dec-11,ARV,Adult,60,23355,54884.25,2.35,0.04,1073,5221.88,150mg
40934,Vietnam,Air,16-Sep-13,16-Sep-13,ARV,Adult,30,71,1651.46,23.26,0.78,15,493.42,100mg
40935,Vietnam,Air,27-Jul-15,27-Jul-15,ARV,Adult,60,13000,84370.0,6.49,0.11,Weight Captured Separately,Invoiced Separately,150/300mg
40936,Vietnam,Air,14-Dec-12,14-Dec-12,ARV,Adult,60,385,4966.5,12.9,0.22,See ASN-17176 (ID#:20219),See ASN-17176 (ID#:20219),300mg
41042,Vietnam,Air,5-Jun-12,5-Jun-12,ARV,Pediatric,240,500,1050.0,2.1,0.01,See ASN-14875 (ID#:35053),See ASN-14875 (ID#:35053),10mg/ml
41260,Vietnam,Air,23-Mar-15,23-Mar-15,ARV,Adult,30,21384,217047.6,10.15,0.34,2406,4219.32,600/300/300mg
41444,Vietnam,Air,22-Jun-11,22-Jun-11,ARV,Adult,60,5070,41827.5,8.25,0.14,See ASN-11024 (ID#:15149),See ASN-11024 (ID#:15149),150/300mg
41474,Vietnam,Air,9-Oct-12,9-Oct-12,ARV,Adult,60,169,2154.75,12.75,0.21,See ASN-16123 (ID#:20371),See ASN-16123 (ID#:20371),300mg
41568,Vietnam,Air,23-Aug-12,23-Aug-12,ARV,Pediatric,240,150,315.0,2.1,0.01,58,755.03,10mg/ml
41697,Vietnam,Air,9-Oct-12,9-Oct-12,ARV,Adult,60,6414,14944.62,2.33,0.04,425,1032.12,200mg
41892,Vietnam,Air,28-Sep-13,28-Sep-13,ARV,Adult,60,497,2857.75,5.75,0.1,117,658.27,300mg
41902,Vietnam,Air,7-Jan-14,7-Jan-14,ARV,Adult,30,13307,47239.85,3.55,0.12,1018,1681.58,300mg
41943,Vietnam,Air,13-Jul-15,13-Jul-15,ARV,Adult,30,9600,96000.0,10.0,0.33,Weight Captured Separately,Invoiced Separately,600/300/300mg
41953,Vietnam,Air,19-Oct-11,19-Oct-11,ARV,Adult,60,40000,58000.0,1.45,0.02,2343,12751.68,30mg
42125,Vietnam,Air,22-Dec-10,22-Dec-10,ARV,Adult,60,15153,35609.55,2.35,0.04,3595,12632.99,150mg
42138,Vietnam,Air,2-Feb-13,2-Feb-13,ARV,Pediatric,60,12492,51841.8,4.15,0.07,See ASN-17806 (ID#:37475),See ASN-17806 (ID#:37475),30/50/60mg
42190,Vietnam,Air,7-Sep-15,7-Sep-15,ARV,Adult,60,5300,9540.0,1.8,0.03,Weight Captured Separately,Invoiced Separately,150mg
42221,Vietnam,Air,19-Mar-10,19-Mar-10,ARV,Adult,60,200,3780.0,18.9,0.32,See ASN-6266 (ID#:15368),See ASN-6266 (ID#:15368),300mg
42295,Vietnam,Air,24-Dec-14,19-Dec-14,ARV,Adult,30,5280,55440.0,10.5,0.35,1570,2690.2,600/300/300mg
42811,Vietnam,Air,13-Aug-10,13-Aug-10,ARV,Adult,30,168,2184.0,13.0,0.43,2046,14405.31,250mg
42870,Vietnam,Air,29-Jul-14,29-Jul-14,ARV,Adult,60,6400,11840.0,1.85,0.03,See ASN-26923 (ID#:13027),See ASN-26923 (ID#:13027),150mg
42917,Vietnam,Air,23-Apr-14,23-Apr-14,ARV,Adult,60,9989,18479.65,1.85,0.03,See ASN-24398 (ID#:18664),See ASN-24398 (ID#:18664),150mg
42998,Vietnam,Air,23-Oct-09,23-Oct-09,ARV,Adult,60,6500,72475.0,11.15,0.19,See ASN-5132 (ID#:22186),See ASN-5132 (ID#:22186),150/300/200mg
43079,Vietnam,Air,28-Dec-12,28-Dec-12,ARV,Adult,60,14055,31623.75,2.25,0.04,1304,2220.86,200mg
43210,Vietnam,Air,10-Dec-12,10-Dec-12,ARV,Adult,60,12785,109951.0,8.6,0.14,See ASN-17077 (ID#:37031),See ASN-17077 (ID#:37031),150/300/200mg
43486,Vietnam,Air,15-Jan-15,15-Jan-15,ARV,Adult,30,200,4652.0,23.26,0.78,22,1475.95,100mg
43600,Vietnam,Air,23-Apr-14,23-Apr-14,ARV,Adult,30,12317,43725.35,3.55,0.12,See ASN-24398 (ID#:18664),See ASN-24398 (ID#:18664),300mg
43635,Vietnam,Air,13-Jun-14,13-Jun-14,ARV,Adult,30,13907,155063.05,11.15,0.37,1578,2689.85,600/300/300mg
44068,Vietnam,Air,23-Mar-15,23-Mar-15,ARV,Adult,30,21384,217047.6,10.15,0.34,2406,4219.32,600/300/300mg
44373,Vietnam,Air,1-Mar-12,1-Mar-12,ARV,Adult,60,13000,29900.0,2.3,0.04,See ASN-13475 (ID#:15772),See ASN-13475 (ID#:15772),150mg
44501,Vietnam,Air,11-Dec-12,11-Dec-12,ARV,Pediatric,60,396,6023.16,15.21,0.25,53,439.17,100/25mg
44612,Vietnam,Air,9-Nov-10,9-Nov-10,ARV,Adult,30,40890,175827.0,4.3,0.14,3329,10455.35,600mg
44615,Vietnam,Air,3-Sep-15,3-Sep-15,ARV,Adult,60,5700,10260.0,1.8,0.03,Weight Captured Separately,Invoiced Separately,150mg
44630,Vietnam,Air,13-Jul-13,13-Jul-13,ARV,Adult,30,30339,348595.11,11.49,0.38,3419,15006.27,600/300/300mg
44643,Vietnam,Air,13-Jul-15,13-Jul-15,ARV,Adult,60,2000,21900.0,10.95,0.18,See ASN-32258 (ID#:29880),See ASN-32258 (ID#:29880),300mg
44724,Vietnam,Air,1-Sep-15,1-Sep-15,ARV,Adult,30,3000,9900.0,3.3,0.11,Weight Captured Separately,Invoiced Separately,600mg
44737,Vietnam,Air,16-May-12,16-May-12,ARV,Adult,30,20142,99702.9,4.95,0.16,6142,13850.65,300mg
44860,Vietnam,Air,7-Sep-15,7-Sep-15,ARV,Adult,30,2196,20862.0,9.5,0.32,Weight Captured Separately,Invoiced Separately,600/300/300mg
44920,Vietnam,Air,18-May-10,18-May-10,ARV,Adult,60,9744,14128.8,1.45,0.02,656,6158,30mg
45149,Vietnam,Air,11-Feb-11,11-Feb-11,ARV,Adult,30,300,3900.0,13.0,0.43,21,3657.69,250mg
45158,Vietnam,Air,31-Jul-10,31-Jul-10,ARV,Adult,120,1010,83022.0,82.2,0.68,255,8227.99,200/50mg
45343,Vietnam,Air,5-Dec-13,5-Dec-13,ARV,Adult,60,11507,20367.39,1.77,0.03,539,1666.35,150mg
45400,Vietnam,Air,3-Nov-09,3-Nov-09,ARV,Adult,336,40,3068.8,76.72,0.23,114,4410.73,100mg
45540,Vietnam,Air,18-Aug-14,18-Aug-14,ARV,Adult,60,12100,98010.0,8.1,0.13,1685,3251.35,150/300/200mg
45968,Vietnam,Air,29-Sep-09,29-Sep-09,ARV,Adult,120,320,26304.0,82.2,0.68,88,823.94,200/50mg
46130,Vietnam,Air,17-Feb-14,17-Feb-14,ARV,Adult,30,40593,452611.95,11.15,0.37,4585,6881.65,600/300/300mg
46198,Vietnam,Air,6-Jul-12,6-Jul-12,ARV,Adult,120,1922,116896.04,60.82,0.51,467,1842.23,200/50mg
46502,Vietnam,Air,2-Apr-13,2-Apr-13,ARV,Adult,60,24377,170639.0,7.0,0.12,See ASN-18664 (ID#:19406),See ASN-18664 (ID#:19406),150/300mg
46582,Vietnam,Air,10-Jun-11,10-Jun-11,ARV,Adult,30,4500,29025.0,6.45,0.22,320,4890.38,300mg
46590,Vietnam,Air,21-Jul-10,21-Jul-10,ARV,Adult,30,63421,272710.3,4.3,0.14,5101,13241.08,600mg
46742,Vietnam,Air,6-Jun-14,6-Jun-14,ARV,Adult,60,12937,29755.1,2.3,0.04,875,2181.91,200mg
46848,Vietnam,Air,4-Feb-13,4-Feb-13,ARV,Pediatric,90,298,1317.16,4.42,0.05,See ASN-17673 (ID#:36978),See ASN-17673 (ID#:36978),200mg
46860,Vietnam,Air,25-Oct-10,25-Oct-10,ARV,Adult,60,24000,264000.0,11.0,0.18,2769,10546.68,150/300/200mg
46897,Vietnam,Air,8-Jan-14,8-Jan-14,ARV,Adult,30,12693,45060.15,3.55,0.12,975,2048.91,300mg
47253,Vietnam,Air,26-Jul-11,26-Jul-11,ARV,Adult,60,11000,58850.0,5.35,0.09,3828,15089.11,150/200/30mg
47677,Vietnam,Air,3-Apr-13,3-Apr-13,ARV,Adult,30,187,4349.62,23.26,0.78,16,958.85,100mg
47759,Vietnam,Air,26-Oct-09,26-Oct-09,ARV,Adult,60,5964,51350.04,8.61,0.14,See ASN-5131 (ID#:25886),See ASN-5131 (ID#:25886),150/300mg
47831,Vietnam,Air,11-Dec-09,11-Dec-09,ARV,Adult,120,1720,141384.0,82.2,0.68,424,10296.99,200/50mg
47864,Vietnam,Air,21-Jun-10,21-Jun-10,ARV,Adult,120,1785,146727.0,82.2,0.68,266,6937.66,200/50mg
47937,Vietnam,Air,22-Apr-14,22-Apr-14,ARV,Adult,30,24192,254016.0,10.5,0.35,3385,8764.53,600/300/300mg
47953,Vietnam,Air,18-Mar-13,18-Mar-13,ARV,Pediatric,60,2231,4685.1,2.1,0.04,See ASN-18408 (ID#:21705),See ASN-18408 (ID#:21705),30/60mg
47975,Vietnam,Air,17-Nov-11,17-Nov-11,ARV,Adult,120,1575,129465.0,82.2,0.68,382,5528.41,200/50mg
47979,Vietnam,Air,9-Jul-15,9-Jul-15,ARV,Adult,30,300,6978.0,23.26,0.78,Weight Captured Separately,Invoiced Separately,100mg
48120,Vietnam,Air,3-Aug-10,3-Aug-10,ARV,Adult,60,2400,5640.0,2.35,0.04,726,7388.14,150mg
48155,Vietnam,Air,16-Feb-11,16-Feb-11,ARV,Adult,60,1008,7005.6,6.95,0.12,See ASN-9408 (ID#:39263),See ASN-9408 (ID#:39263),300mg
48595,Vietnam,Air,13-Aug-15,13-Aug-15,ARV,Adult,30,400,9304.0,23.26,0.78,See ASN-33152 (ID#:38571),See ASN-33152 (ID#:38571),100mg
48825,Vietnam,Air,13-Jul-15,13-Jul-15,ARV,Adult,30,22700,71505.0,3.15,0.1,Weight Captured Separately,Invoiced Separately,300mg
48994,Vietnam,Air,3-Nov-14,3-Nov-14,ARV,Adult,60,20000,162000.0,8.1,0.13,4168,6717.79,150/300/200mg
49076,Vietnam,Air,5-Jul-13,5-Jul-13,ARV,Adult,60,39045,320559.45,8.21,0.14,5092,7312.6,150/300/200mg
49225,Vietnam,Air,20-May-10,20-May-10,ARV,Adult,60,15624,22654.8,1.45,0.02,1056,2160.52,30mg
49494,Vietnam,Air,16-Sep-14,16-Sep-14,ARV,Adult,30,3096,32508.0,10.5,0.35,See ASN-27809 (ID#:13106),See ASN-27809 (ID#:13106),600/300/300mg
49919,Vietnam,Air,15-Jan-15,15-Jan-15,ARV,Adult,60,7000,56700.0,8.1,0.13,974,1069.31,150/300/200mg
50231,Vietnam,Air,2-Jul-10,2-Jul-10,ARV,Adult,60,151,2399.39,15.89,0.26,749,7488.39,300mg
50255,Vietnam,Air,19-Mar-10,19-Mar-10,ARV,Adult,60,10416,15103.2,1.45,0.02,See ASN-6266 (ID#:15368),See ASN-6266 (ID#:15368),30mg
50613,Vietnam,Air,20-Mar-10,20-Mar-10,ARV,Adult,30,1680,12600.0,7.5,0.25,See ASN-6250 (ID#:17228),See ASN-6250 (ID#:17228),300mg
51046,Vietnam,Air,26-Dec-12,26-Dec-12,ARV,Adult,60,15945,35876.25,2.25,0.04,1479,5180.86,200mg
51098,Vietnam,Air,28-Feb-11,28-Feb-11,ARV,Adult,60,540,8100.0,15.0,0.25,See ASN-9568 (ID#:29427),See ASN-9568 (ID#:29427),300mg
51148,Vietnam,Air,22-Dec-10,22-Dec-10,ARV,Adult,60,25000,275000.0,11.0,0.18,See ASN-9118 (ID#:42125),See ASN-9118 (ID#:42125),150/300/200mg
51233,Vietnam,Air,31-Mar-15,31-Mar-15,ARV,Adult,60,9400,16920.0,1.8,0.03,1030,1593.67,150mg
51275,Vietnam,Air,22-May-13,22-May-13,ARV,Pediatric,240,471,989.1,2.1,0.01,See ASN-19098 (ID#:21556),See ASN-19098 (ID#:21556),10mg/ml
51690,Vietnam,Air,16-Apr-12,16-Apr-12,ARV,Adult,30,7146,39303.0,5.5,0.18,See ASN-14321 (ID#:18629),See ASN-14321 (ID#:18629),300mg
51775,Vietnam,Air,7-Apr-14,7-Apr-14,ARV,Adult,120,7031,427625.42,60.82,0.51,1720,5324.08,200/50mg
52241,Vietnam,Air,19-Oct-11,19-Oct-11,ARV,Adult,30,10000,60000.0,6.0,0.2,865,7878.43,300mg
52286,Vietnam,Air,26-Jul-11,26-Jul-11,ARV,Adult,30,33000,135300.0,4.1,0.14,See ASN-11362 (ID#:47253),See ASN-11362 (ID#:47253),600mg
52353,Vietnam,Air,1-Jul-13,1-Jul-13,ARV,Adult,60,6900,56649.0,8.21,0.14,See ASN-19787 (ID#:13978),See ASN-19787 (ID#:13978),150/300/200mg
52541,Vietnam,Air,30-Oct-14,30-Oct-14,ARV,Adult,60,10000,81000.0,8.1,0.13,See ASN-27943 (ID#:13904),See ASN-27943 (ID#:13904),150/300/200mg
52706,Vietnam,Air,16-May-12,16-May-12,ARV,Adult,30,42392,597727.2,14.1,0.47,See ASN-14517 (ID#:44737),See ASN-14517 (ID#:44737),600/300/300mg
52856,Vietnam,Air,17-Mar-10,17-Mar-10,ARV,Adult,60,24612,35687.4,1.45,0.02,4762,17541.06,30mg
53759,Vietnam,Air,10-Mar-15,10-Mar-15,ARV,Adult,60,5600,10080.0,1.8,0.03,606,1328.13,150mg
54045,Vietnam,Air,2-Aug-10,2-Aug-10,ARV,Adult,336,20,6137.6,306.88,0.91,57,5795.92,100mg
54100,Vietnam,Air,31-Mar-15,31-Mar-15,ARV,Adult,120,9000,547200.0,60.8,0.51,2235,5134.12,200/50mg
54180,Vietnam,Air,1-Oct-09,1-Oct-09,ARV,Adult,120,1400,115080.0,82.2,0.68,209,954.38,200/50mg
54208,Vietnam,Air,20-Jun-12,20-Jun-12,ARV,Pediatric,60,300,2100.0,7.0,0.12,81,541.75,25mg
54542,Vietnam,Air,6-Jun-14,6-Jun-14,ARV,Adult,60,6600,14850.0,2.25,0.04,657,1192.25,200mg
54744,Vietnam,Air,3-Sep-13,3-Sep-13,ARV,Adult,60,4000,9000.0,2.25,0.04,See ASN-20555 (ID#:25809),See ASN-20555 (ID#:25809),200mg
54829,Vietnam,Air,15-Nov-12,15-Nov-12,ARV,Adult,60,1475,9735.0,6.6,0.11,96,678.83,300mg
54957,Vietnam,Air,7-Oct-14,7-Oct-14,ARV,Adult,30,100,2326.0,23.26,0.78,Weight Captured Separately,Invoiced Separately,100mg
55238,Vietnam,Air,16-May-12,16-May-12,ARV,Adult,60,368,4784.0,13.0,0.22,See ASN-14517 (ID#:44737),See ASN-14517 (ID#:44737),300mg
55297,Vietnam,Air,20-Sep-10,20-Sep-10,ARV,Adult,60,100,1574.0,15.74,0.26,10,3896.68,300mg
55304,Vietnam,Air,7-Sep-15,7-Sep-15,ARV,Adult,30,15284,145198.0,9.5,0.32,See ASN-33143 (ID#:42190),See ASN-33143 (ID#:42190),600/300/300mg
55376,Vietnam,Air,25-Feb-11,25-Feb-11,ARV,Adult,336,18,3717.18,206.51,0.61,55,3785.84,100mg
55643,Vietnam,Air,5-Feb-15,5-Feb-15,ARV,Adult,60,10000,64900.0,6.49,0.11,See ASN-29768 (ID#:13555),See ASN-29768 (ID#:13555),150/300mg
55712,Vietnam,Air,3-Sep-15,3-Sep-15,ARV,Adult,30,15552,147744.0,9.5,0.32,See ASN-33266 (ID#:44615),See ASN-33266 (ID#:44615),600/300/300mg
56107,Vietnam,Air,3-Nov-14,3-Nov-14,ARV,Adult,60,16185,105040.65,6.49,0.11,See ASN-28248 (ID#:48994),See ASN-28248 (ID#:48994),150/300mg
58808,Vietnam,Air,14-May-12,14-May-12,ARV,Pediatric,30,435,974.4,2.24,0.07,25,1003.65,50mg
56668,Vietnam,Air,24-Oct-11,24-Oct-11,ARV,Adult,60,8245,67609.0,8.2,0.14,759,7261.69,150/300mg
56716,Vietnam,Air,10-Jul-15,10-Jul-15,ARV,Adult,30,6816,68160.0,10.0,0.33,2541,5489.55,600/300/300mg
56772,Vietnam,Air,9-Oct-12,9-Oct-12,ARV,Adult,30,41296,185419.04,4.49,0.15,See ASN-16123 (ID#:20371),See ASN-16123 (ID#:20371),300mg
56836,Vietnam,Air,10-Jul-15,10-Jul-15,ARV,Adult,60,6000,12960.0,2.16,0.04,See ASN-32265 (ID#:56716),See ASN-32265 (ID#:56716),200mg
56957,Vietnam,Air,23-Apr-14,23-Apr-14,ARV,Adult,60,564,6457.8,11.45,0.19,See ASN-24394 (ID#:16053),See ASN-24394 (ID#:16053),300mg
57218,Vietnam,Air,19-Mar-10,19-Mar-10,ARV,Adult,60,15204,130906.44,8.61,0.14,See ASN-6266 (ID#:15368),See ASN-6266 (ID#:15368),150/300mg
57379,Vietnam,Air,23-Aug-10,23-Aug-10,ARV,Adult,60,22008,189488.88,8.61,0.14,2148,12793.94,150/300mg
57447,Vietnam,Air,15-May-14,15-May-14,ARV,Adult,60,4980,40338.0,8.1,0.13,695,1377.02,150/300/200mg
57449,Vietnam,Air,15-Jan-15,15-Jan-15,ARV,Adult,120,4400,267608.0,60.82,0.51,1073,1475.94,200/50mg
57582,Vietnam,Air,27-Jul-15,27-Jul-15,ARV,Adult,60,6437,52139.7,8.1,0.13,See ASN-32776 (ID#:40935),See ASN-32776 (ID#:40935),150/300/200mg
57812,Vietnam,Air,10-Jul-15,10-Jul-15,ARV,Adult,30,1144,11440.0,10.0,0.33,See ASN-32270 (ID#:35968),See ASN-32270 (ID#:35968),600/300/300mg
57819,Vietnam,Air,13-Aug-14,13-Aug-14,ARV,Adult,30,12700,44450.0,3.5,0.12,See ASN-26927 (ID#:26612),See ASN-26927 (ID#:26612),600mg
57826,Vietnam,Air,13-Jul-15,13-Jul-15,ARV,Adult,30,8000,28000.0,3.5,0.12,See ASN-32262 (ID#:41943),See ASN-32262 (ID#:41943),600mg
58039,Vietnam,Air,16-May-12,16-May-12,ARV,Pediatric,60,1123,4660.45,4.15,0.07,See ASN-14517 (ID#:44737),See ASN-14517 (ID#:44737),30/50/60mg
58064,Vietnam,Air,23-Nov-11,23-Nov-11,ARV,Adult,120,1435,117957.0,82.2,0.68,355,5101.21,200/50mg
58202,Vietnam,Air,1-Jun-15,1-Jun-15,ARV,Adult,30,21384,217047.6,10.15,0.34,2406,4872.65,600/300/300mg
58264,Vietnam,Air,30-Sep-09,30-Sep-09,ARV,Adult,30,2520,20790.0,8.25,0.28,See ASN-4872 (ID#:13652),See ASN-4872 (ID#:13652),300mg
58508,Vietnam,Air,24-Apr-12,24-Apr-12,ARV,Adult,30,16354,89947.0,5.5,0.18,See ASN-14319 (ID#:19512),See ASN-14319 (ID#:19512),300mg
58555,Vietnam,Air,20-Dec-11,20-Dec-11,ARV,Adult,60,16645,39115.75,2.35,0.04,742,5440.01,150mg
58744,Vietnam,Air,7-Sep-15,7-Sep-15,ARV,Adult,30,17760,168720.0,9.5,0.32,Weight Captured Separately,Invoiced Separately,600/300/300mg
58774,Vietnam,Air,22-Jun-11,22-Jun-11,ARV,Adult,60,13444,34954.4,2.6,0.04,See ASN-11024 (ID#:15149),See ASN-11024 (ID#:15149),200mg
59153,Vietnam,Air,31-Jul-10,31-Jul-10,ARV,Adult,120,3470,285234.0,82.2,0.68,862,5215.07,200/50mg
59189,Vietnam,Air,7-Jun-14,7-Jun-14,ARV,Adult,60,7063,16244.9,2.3,0.04,412,1769.68,200mg
59267,Vietnam,Air,5-Jul-13,5-Jul-13,ARV,Adult,60,33405,228824.25,6.85,0.11,3751,10867.28,150/300mg
59448,Vietnam,Air,29-Jul-14,29-Jul-14,ARV,Adult,30,10700,37985.0,3.55,0.12,See ASN-26923 (ID#:13027),See ASN-26923 (ID#:13027),300mg
59482,Vietnam,Air,23-Mar-15,23-Mar-15,ARV,Adult,60,3000,24300.0,8.1,0.13,422,1332.29,150/300/200mg
59673,Vietnam,Air,22-Aug-12,22-Aug-12,ARV,Pediatric,90,1000,7000.0,7.0,0.08,See ASN-15795 (ID#:16725),See ASN-15795 (ID#:16725),200mg
59805,Vietnam,Air,22-Jun-11,22-Jun-11,ARV,Adult,60,4084,29609.0,7.25,0.12,See ASN-11023 (ID#:37963),See ASN-11023 (ID#:37963),300mg
59873,Vietnam,Air,19-Oct-11,19-Oct-11,ARV,Adult,30,560,13025.6,23.26,0.78,67,4476.29,100mg
59928,Vietnam,Air,11-Oct-13,11-Oct-13,ARV,Adult,30,14500,166605.0,11.49,0.38,1640,2503.07,600/300/300mg
60000,Vietnam,Air,21-Sep-11,21-Sep-11,ARV,Adult,60,25572,281036.28,10.99,0.18,3572,10657.33,150/300/200mg
60626,Vietnam,Air,1-Mar-12,1-Mar-12,ARV,Adult,60,5000,12500.0,2.5,0.04,See ASN-13475 (ID#:15772),See ASN-13475 (ID#:15772),200mg
61190,Vietnam,Air,26-Sep-11,26-Sep-11,ARV,Adult,60,10249,84041.8,8.2,0.14,5495,23372.43,150/300mg
61563,Vietnam,Air,13-Sep-10,13-Sep-10,ARV,Adult,336,56,17185.28,306.88,0.91,168,4092.21,100mg
61696,Vietnam,Air,3-Aug-10,3-Aug-10,ARV,Adult,60,10935,28431.0,2.6,0.04,See ASN-7487 (ID#:48120),See ASN-7487 (ID#:48120),200mg
61737,Vietnam,Air,17-Dec-14,17-Dec-14,ARV,Adult,30,11904,124992.0,10.5,0.35,See ASN-29376 (ID#:13766),See ASN-29376 (ID#:13766),600/300/300mg
62024,Vietnam,Air,30-Jul-15,30-Jul-15,ARV,Adult,60,17584,142430.4,8.1,0.13,2446,4559.25,150/300/200mg
62037,Vietnam,Air,10-Jul-15,10-Jul-15,ARV,Adult,60,1400,15330.0,10.95,0.18,See ASN-32265 (ID#:56716),See ASN-32265 (ID#:56716),300mg
62107,Vietnam,Air,5-Jun-12,5-Jun-12,ARV,Pediatric,240,300,555.0,1.85,0.01,See ASN-14875 (ID#:35053),See ASN-14875 (ID#:35053),10mg/ml
62194,Vietnam,Air,14-Apr-15,14-Apr-15,ARV,Adult,30,12200,42700.0,3.5,0.12,See ASN-30942 (ID#:19840),See ASN-30942 (ID#:19840),600mg
62413,Vietnam,Air,1-Apr-13,1-Apr-13,ARV,Adult,30,7245,23546.25,3.25,0.11,622,1226.11,600mg
62516,Vietnam,Air,26-Jul-12,26-Jul-12,ARV,Adult,120,7078,430483.96,60.82,0.51,1724,5248.47,200/50mg
62634,Vietnam,Air,13-Jul-15,13-Jul-15,ARV,Adult,30,17760,177600.0,10.0,0.33,2516,3809.94,600/300/300mg
62709,Vietnam,Air,3-Apr-13,3-Apr-13,ARV,Adult,120,1836,111665.52,60.82,0.51,439,958.85,200/50mg
62948,Vietnam,Air,27-Jul-15,27-Jul-15,ARV,Adult,60,14663,118770.3,8.1,0.13,Weight Captured Separately,Invoiced Separately,150/300/200mg
62968,Vietnam,Air,23-Oct-09,23-Oct-09,ARV,Adult,60,2520,6048.0,2.4,0.04,See ASN-5132 (ID#:22186),See ASN-5132 (ID#:22186),150mg
62990,Vietnam,Air,29-Jan-13,29-Jan-13,ARV,Pediatric,240,691,1451.1,2.1,0.01,See ASN-17672 (ID#:15352),See ASN-17672 (ID#:15352),10mg/ml
63044,Vietnam,Air,22-Mar-10,22-Mar-10,ARV,Adult,30,4872,36540.0,7.5,0.25,See ASN-6252 (ID#:36969),See ASN-6252 (ID#:36969),300mg
63274,Vietnam,Air,9-Aug-10,9-Aug-10,ARV,Adult,60,249,3956.61,15.89,0.26,See ASN-7510 (ID#:35983),See ASN-7510 (ID#:35983),300mg
63292,Vietnam,Air,1-Oct-14,1-Oct-14,ARV,Adult,30,400,9304.0,23.26,0.78,52,379.77,100mg
63486,Vietnam,Air,5-Jul-13,5-Jul-13,ARV,Adult,60,683,8366.75,12.25,0.2,See ASN-19859 (ID#:59267),See ASN-19859 (ID#:59267),300mg
63915,Vietnam,Air,29-Nov-12,29-Nov-12,ARV,Adult,30,15881,52407.3,3.3,0.11,See ASN-17075 (ID#:20697),See ASN-17075 (ID#:20697),600mg
64208,Vietnam,Air,3-Sep-15,3-Sep-15,ARV,Adult,30,13736,130492.0,9.5,0.32,See ASN-33269 (ID#:25323),See ASN-33269 (ID#:25323),600/300/300mg
64377,Vietnam,Air,31-Mar-15,31-Mar-15,ARV,Adult,60,7700,16632.0,2.16,0.04,See ASN-30940 (ID#:51233),See ASN-30940 (ID#:51233),200mg
64438,Vietnam,Air,29-Oct-14,29-Oct-14,ARV,Adult,120,7000,425740.0,60.82,0.51,1714,4881.42,200/50mg
64936,Vietnam,Air,3-Oct-13,3-Oct-13,ARV,Adult,120,3434,208855.88,60.82,0.51,826,3315.82,200/50mg
65033,Vietnam,Air,7-Sep-15,7-Sep-15,ARV,Adult,60,3000,6480.0,2.16,0.04,See ASN-33146 (ID#:44860),See ASN-33146 (ID#:44860),200mg
65081,Vietnam,Air,16-Sep-14,23-Sep-14,ARV,Adult,30,14016,147168.0,10.5,0.35,1955,6194.69,600/300/300mg
65186,Vietnam,Air,3-Apr-13,3-Apr-13,ARV,Adult,60,11623,81361.0,7.0,0.12,See ASN-18662 (ID#:38299),See ASN-18662 (ID#:38299),150/300mg
65263,Vietnam,Air,31-Mar-15,31-Mar-15,ARV,Adult,30,8000,28400.0,3.55,0.12,See ASN-30941 (ID#:32306),See ASN-30941 (ID#:32306),300mg
65484,Vietnam,Air,27-Oct-12,27-Oct-12,ARV,Adult,30,326,7582.76,23.26,0.78,34,404.78,100mg
65588,Vietnam,Air,1-Apr-10,1-Apr-10,ARV,Adult,30,2856,21420.0,7.5,0.25,See ASN-6341 (ID#:29298),See ASN-6341 (ID#:29298),300mg
65748,Vietnam,Air,23-Apr-14,23-Apr-14,ARV,Adult,30,12984,42068.16,3.24,0.11,See ASN-24398 (ID#:18664),See ASN-24398 (ID#:18664),600mg
65978,Vietnam,Air,13-Apr-11,13-Apr-11,ARV,Adult,60,9377,50542.03,5.39,0.09,692,8494.45,150/200/30mg
65987,Vietnam,Air,27-Jun-12,27-Jun-12,ARV,Pediatric,300,100,6082.0,60.82,0.2,164,742.1,80/20mg/ml
66062,Vietnam,Air,12-Aug-15,12-Aug-15,ARV,Adult,120,5000,304000.0,60.8,0.51,Weight Captured Separately,Invoiced Separately,200/50mg
66175,Vietnam,Air,2-Jul-10,2-Jul-10,ARV,Adult,30,12084,84588.0,7.0,0.23,See ASN-7237 (ID#:50231),See ASN-7237 (ID#:50231),300mg
66264,Vietnam,Air,7-Sep-15,7-Sep-15,ARV,Adult,30,17760,168720.0,9.5,0.32,Weight Captured Separately,Invoiced Separately,600/300/300mg
66278,Vietnam,Air,5-Jun-12,5-Jun-12,ARV,Pediatric,30,2065,4625.6,2.24,0.07,See ASN-14875 (ID#:35053),See ASN-14875 (ID#:35053),50mg
66307,Vietnam,Air,1-Aug-13,1-Aug-13,ARV,Adult,30,32673,375412.77,11.49,0.38,3425,11077.85,600/300/300mg
66449,Vietnam,Air,22-Jun-10,22-Jun-10,ARV,Adult,120,8225,676095.0,82.2,0.68,2018,10263.55,200/50mg
66508,Vietnam,Air,5-Jun-12,5-Jun-12,ARV,Pediatric,90,400,3128.0,7.82,0.09,See ASN-14875 (ID#:35053),See ASN-14875 (ID#:35053),200mg
66609,Vietnam,Air,9-Feb-11,9-Feb-11,ARV,Adult,60,14428,20920.6,1.45,0.02,See ASN-9407 (ID#:17697),See ASN-9407 (ID#:17697),30mg
66669,Vietnam,Air,13-Aug-10,13-Aug-10,ARV,Adult,30,62369,268186.7,4.3,0.14,5009,17031.91,600mg
66680,Vietnam,Air,16-Feb-11,16-Feb-11,ARV,Adult,60,5200,24960.0,4.8,0.08,See ASN-9408 (ID#:39263),See ASN-9408 (ID#:39263),150/200/30mg
66713,Vietnam,Air,2-Jul-14,2-Jul-14,ARV,Adult,30,450,10467.0,23.26,0.78,56,520.19,100mg
66792,Vietnam,Air,3-Aug-10,3-Aug-10,ARV,Adult,60,43262,101665.7,2.35,0.04,2035,8711.4,150mg
66809,Vietnam,Air,5-Dec-12,5-Dec-12,ARV,Adult,60,615,7933.5,12.9,0.22,See ASN-17177 (ID#:18240),See ASN-17177 (ID#:18240),300mg
66925,Vietnam,Air,22-Jun-11,22-Jun-11,ARV,Adult,60,64,960.0,15.0,0.25,See ASN-11023 (ID#:37963),See ASN-11023 (ID#:37963),300mg
67022,Vietnam,Air,29-Mar-10,29-Mar-10,ARV,Adult,60,336,2520.0,7.5,0.12,See ASN-6355 (ID#:16828),See ASN-6355 (ID#:16828),300mg
67077,Vietnam,Air,8-Apr-10,8-Apr-10,ARV,Pediatric,60,520,3640.0,7.0,0.12,104,2658.09,25mg
67389,Vietnam,Air,13-Aug-10,13-Aug-10,ARV,Adult,60,28496,39894.4,1.4,0.02,See ASN-7581 (ID#:42811),See ASN-7581 (ID#:42811),30mg
67717,Vietnam,Air,13-Aug-10,13-Aug-10,ARV,Adult,60,21504,30105.6,1.4,0.02,See ASN-7661 (ID#:21752),See ASN-7661 (ID#:21752),30mg
67776,Vietnam,Air,25-Jan-10,25-Jan-10,ARV,Adult,60,672,940.8,1.4,0.02,32,1701.1,30mg
67854,Vietnam,Air,30-Jul-15,30-Jul-15,ARV,Adult,60,20000,129800.0,6.49,0.11,1748,3868.49,150/300mg
68050,Vietnam,Air,5-Jul-13,5-Jul-13,ARV,Adult,60,4555,37396.55,8.21,0.14,See ASN-19859 (ID#:59267),See ASN-19859 (ID#:59267),150/300/200mg
68096,Vietnam,Air,22-Mar-10,22-Mar-10,ARV,Adult,60,840,6300.0,7.5,0.12,57,8747.56,300mg
68230,Vietnam,Air,15-Mar-10,15-Mar-10,ARV,Adult,120,1820,149604.0,82.2,0.68,445,4755.76,200/50mg
68361,Vietnam,Air,19-Dec-12,19-Dec-12,ARV,Pediatric,60,10508,43608.2,4.15,0.07,678,2148.1,30/50/60mg
68494,Vietnam,Air,13-Mar-10,13-Mar-10,ARV,Adult,30,19152,124488.0,6.5,0.22,1503,11884.14,600mg
68553,Vietnam,Air,24-Apr-13,24-Apr-13,ARV,Adult,30,42660,151443.0,3.55,0.12,3442,10533.01,300mg
68596,Vietnam,Air,18-Aug-14,18-Aug-14,ARV,Adult,120,4800,291936.0,60.82,0.51,1175,1779.1,200/50mg
68680,Vietnam,Air,16-Sep-14,16-Sep-14,ARV,Adult,30,17188,180474.0,10.5,0.35,2388,3790.32,600/300/300mg
68779,Vietnam,Air,16-Jul-10,16-Jul-10,ARV,Adult,60,11004,94084.2,8.55,0.14,1073,9535.67,150/300mg
68785,Vietnam,Air,17-Mar-10,17-Mar-10,ARV,Adult,60,20520,49248.0,2.4,0.04,See ASN-6264 (ID#:52856),See ASN-6264 (ID#:52856),150mg
69253,Vietnam,Air,2-Jul-13,2-Jul-13,ARV,Adult,60,46100,83441.0,1.81,0.03,2350,10627.8,150mg
69301,Vietnam,Air,14-Sep-15,14-Sep-15,ARV,Adult,120,4500,273600.0,60.8,0.51,See ASN-33526 (ID#:32150),See ASN-33526 (ID#:32150),200/50mg
69493,Vietnam,Air,31-Aug-15,31-Aug-15,ARV,Adult,120,2700,164160.0,60.8,0.51,Weight Captured Separately,Invoiced Separately,200/50mg
69701,Vietnam,Air,29-Jul-14,29-Jul-14,ARV,Adult,60,300,1650.0,5.5,0.09,See ASN-26923 (ID#:13027),See ASN-26923 (ID#:13027),300mg
69767,Vietnam,Air,19-Jan-10,19-Jan-10,ARV,Adult,60,40400,248460.0,6.15,0.1,3919,12704,150/200/30mg
69871,Vietnam,Air,21-Sep-11,21-Sep-11,ARV,Adult,60,22925,110040.0,4.8,0.08,3723,19056.13,150/200/30mg
70029,Vietnam,Air,29-Jul-10,29-Jul-10,ARV,Adult,60,9072,77565.6,8.55,0.14,902,7421.81,150/300mg
70131,Vietnam,Air,31-Mar-15,31-Mar-15,ARV,Adult,30,572,13304.72,23.26,0.78,See ASN-30674 (ID#:54100),See ASN-30674 (ID#:54100),100mg
70207,Vietnam,Air,9-Oct-12,9-Oct-12,ARV,Adult,60,12665,118417.75,9.35,0.16,See ASN-16123 (ID#:20371),See ASN-16123 (ID#:20371),150/300/200mg
70210,Vietnam,Air,21-Dec-10,21-Dec-10,ARV,Adult,30,5208,35154.0,6.75,0.22,See ASN-9090 (ID#:29979),See ASN-9090 (ID#:29979),300mg
70404,Vietnam,Air,24-Sep-13,24-Sep-13,ARV,Adult,30,14374,46571.76,3.24,0.11,1228,1849.17,600mg
70486,Vietnam,Air,5-Sep-11,5-Sep-11,ARV,Adult,60,24428,268463.72,10.99,0.18,3408,13674.64,150/300/200mg
70526,Vietnam,Air,13-Aug-14,13-Aug-14,ARV,Adult,60,950,10877.5,11.45,0.19,See ASN-26927 (ID#:26612),See ASN-26927 (ID#:26612),300mg
70559,Vietnam,Air,26-Jul-11,26-Jul-11,ARV,Adult,60,50000,117500.0,2.35,0.04,2537,9145.1,150mg
70577,Vietnam,Air,23-Dec-10,23-Dec-10,ARV,Adult,60,29847,70140.45,2.35,0.04,1403,6475.64,150mg
70619,Vietnam,Air,9-Oct-12,9-Oct-12,ARV,Adult,60,27634,58031.4,2.1,0.04,1616,3147.88,150mg
70733,Vietnam,Air,30-Jan-13,30-Jan-13,ARV,Adult,60,22430,41271.2,1.84,0.03,939,2040.93,150mg
70763,Vietnam,Air,23-Mar-10,23-Mar-10,ARV,Adult,30,8400,65100.0,7.75,0.26,909,5964.52,300mg
70813,Vietnam,Air,10-Dec-12,10-Dec-12,ARV,Pediatric,240,436,850.2,1.95,0.01,See ASN-17077 (ID#:37031),See ASN-17077 (ID#:37031),10mg/ml
71245,Vietnam,Air,5-Jul-11,5-Jul-11,ARV,Adult,60,50000,117500.0,2.35,0.04,2351,10122.75,150mg
71316,Vietnam,Air,19-Mar-15,19-Mar-15,ARV,Adult,120,5000,304000.0,60.8,0.51,See ASN-30672 (ID#:40443),See ASN-30672 (ID#:40443),200/50mg
71477,Vietnam,Air,17-Dec-14,17-Dec-14,ARV,Adult,30,15840,166320.0,10.5,0.35,2517,3789.5,600/300/300mg
71518,Vietnam,Air,2-Oct-12,2-Oct-12,ARV,Pediatric,60,8698,36096.7,4.15,0.07,See ASN-16124 (ID#:20321),See ASN-16124 (ID#:20321),30/50/60mg
71536,Vietnam,Air,17-Dec-14,17-Dec-14,ARV,Adult,30,20856,218988.0,10.5,0.35,2959,4427.52,600/300/300mg
71767,Vietnam,Air,29-Mar-10,29-Mar-10,ARV,Adult,30,3192,23940.0,7.5,0.25,See ASN-6355 (ID#:16828),See ASN-6355 (ID#:16828),300mg
71784,Vietnam,Air,22-Sep-14,22-Sep-14,ARV,Adult,60,500,5725.0,11.45,0.19,See ASN-27812 (ID#:25926),See ASN-27812 (ID#:25926),300mg
71920,Vietnam,Air,15-May-13,15-May-13,ARV,Pediatric,60,1119,4476.0,4.0,0.07,See ASN-18970 (ID#:33422),See ASN-18970 (ID#:33422),30/50/60mg
71936,Vietnam,Air,22-Aug-12,22-Aug-12,ARV,Pediatric,240,350,735.0,2.1,0.01,See ASN-15795 (ID#:16725),See ASN-15795 (ID#:16725),10mg/ml
71971,Vietnam,Air,13-Oct-10,13-Oct-10,ARV,Adult,60,3753,9532.62,2.54,0.04,216,4146.33,200mg
72546,Vietnam,Air,6-Jan-14,6-Jan-14,ARV,Adult,120,4033,245287.06,60.82,0.51,Weight Captured Separately,Invoiced Separately,200/50mg
72698,Vietnam,Air,16-Dec-13,16-Dec-13,ARV,Adult,60,591,6737.4,11.4,0.19,36,430.5,300mg
73003,Vietnam,Air,17-Dec-14,17-Dec-14,ARV,Adult,30,19200,201600.0,10.5,0.35,2719,4084.56,600/300/300mg
73087,Vietnam,Air,16-Feb-11,16-Feb-11,ARV,Adult,60,35000,292250.0,8.35,0.14,See ASN-9408 (ID#:39263),See ASN-9408 (ID#:39263),150/300mg
73177,Vietnam,Air,22-Jan-14,22-Jan-14,ARV,Adult,30,983,3184.92,3.24,0.11,93,668.75,600mg
73239,Vietnam,Air,17-Mar-10,17-Mar-10,ARV,Adult,60,19740,169961.4,8.61,0.14,See ASN-6264 (ID#:52856),See ASN-6264 (ID#:52856),150/300mg
73360,Vietnam,Air,26-Oct-09,26-Oct-09,ARV,Adult,30,180,2340.0,13.0,0.43,See ASN-5131 (ID#:25886),See ASN-5131 (ID#:25886),250mg
73569,Vietnam,Air,26-Jul-11,26-Jul-11,ARV,Adult,60,15000,38100.0,2.54,0.04,See ASN-11362 (ID#:47253),See ASN-11362 (ID#:47253),200mg
73675,Vietnam,Air,28-Sep-13,28-Sep-13,ARV,Adult,60,429,5255.25,12.25,0.2,See ASN-21667 (ID#:41892),See ASN-21667 (ID#:41892),300mg
73804,Vietnam,Air,3-Sep-15,3-Sep-15,ARV,Adult,30,17760,168720.0,9.5,0.32,Weight Captured Separately,Invoiced Separately,600/300/300mg
73861,Vietnam,Air,1-Mar-12,1-Mar-12,ARV,Adult,30,49452,200280.6,4.05,0.13,See ASN-13475 (ID#:15772),See ASN-13475 (ID#:15772),600mg
74288,Vietnam,Air,19-Dec-14,19-Dec-14,ARV,Adult,30,10000,35000.0,3.5,0.12,See ASN-29386 (ID#:42295),See ASN-29386 (ID#:42295),600mg
74540,Vietnam,Air,27-Jan-10,27-Jan-10,ARV,Adult,60,8904,12465.6,1.4,0.02,429,2633.91,30mg
74610,Vietnam,Air,24-Oct-11,24-Oct-11,ARV,Adult,60,11755,96391.0,8.2,0.14,1083,9046.76,150/300mg
74697,Vietnam,Air,22-Nov-11,22-Nov-11,ARV,Adult,60,408,5911.92,14.49,0.24,42,4388.84,300mg
74699,Vietnam,Air,1-Jul-10,1-Jul-10,ARV,Adult,60,30080,171155.2,5.69,0.09,2933,12067.26,150/200/30mg
74915,Vietnam,Air,22-Jun-11,22-Jun-11,ARV,Adult,60,19930,164422.5,8.25,0.14,See ASN-11023 (ID#:37963),See ASN-11023 (ID#:37963),150/300mg
74936,Vietnam,Air,1-Aug-13,1-Aug-13,ARV,Adult,30,46802,537754.98,11.49,0.38,5281,13625.75,600/300/300mg
75114,Vietnam,Air,6-Jul-10,6-Jul-10,ARV,Adult,60,49920,284044.8,5.69,0.09,4799,10959.54,150/200/30mg
75139,Vietnam,Air,27-Nov-09,27-Nov-09,ARV,Adult,60,3024,4384.8,1.45,0.02,202,1615.88,30mg
75336,Vietnam,Air,10-Dec-12,10-Dec-12,ARV,Adult,30,14119,46592.7,3.3,0.11,See ASN-17077 (ID#:37031),See ASN-17077 (ID#:37031),600mg
75522,Vietnam,Air,21-Jan-14,21-Jan-14,ARV,Adult,30,11517,37315.08,3.24,0.11,1006,3001.35,600mg
75581,Vietnam,Air,3-Aug-10,3-Aug-10,ARV,Adult,60,8738,20534.3,2.35,0.04,420,6683.69,150mg
75751,Vietnam,Air,7-Dec-10,7-Dec-10,ARV,Adult,60,336,2436.0,7.25,0.12,19,8495.83,300mg
76097,Vietnam,Air,3-Dec-09,3-Dec-09,ARV,Adult,60,13020,18879.0,1.45,0.02,861,1872.53,30mg
76135,Vietnam,Air,26-Sep-11,26-Sep-11,ARV,Adult,60,37075,177960.0,4.8,0.08,See ASN-11955 (ID#:61190),See ASN-11955 (ID#:61190),150/200/30mg
76318,Vietnam,Air,13-Dec-13,13-Dec-13,ARV,Adult,60,6493,11492.61,1.77,0.03,301,1457.92,150mg
76321,Vietnam,Air,22-Jun-11,22-Jun-11,ARV,Adult,60,336,5040.0,15.0,0.25,See ASN-11024 (ID#:15149),See ASN-11024 (ID#:15149),300mg
76327,Vietnam,Air,10-Jul-15,10-Jul-15,ARV,Adult,60,17600,31680.0,1.8,0.03,See ASN-32265 (ID#:56716),See ASN-32265 (ID#:56716),150mg
76517,Vietnam,Air,24-Aug-11,24-Aug-11,ARV,Adult,60,42000,461580.0,10.99,0.18,5941,19632.73,150/300/200mg
76559,Vietnam,Air,1-Feb-13,1-Feb-13,ARV,Pediatric,60,1966,4423.5,2.25,0.04,91,1143.04,30/60mg
76799,Vietnam,Air,11-Sep-09,11-Sep-09,ARV,Adult,120,760,62472.0,82.2,0.68,188,1088.79,200/50mg
77152,Vietnam,Air,22-Jul-10,22-Jul-10,ARV,Adult,30,31579,135789.7,4.3,0.14,2585,11617.57,600mg
77310,Vietnam,Air,22-Dec-11,22-Dec-11,ARV,Adult,60,20970,222282.0,10.6,0.18,2447,2673.82,150/300/200mg
77464,Vietnam,Air,29-Jul-14,29-Jul-14,ARV,Adult,30,7248,76104.0,10.5,0.35,See ASN-26923 (ID#:13027),See ASN-26923 (ID#:13027),600/300/300mg
77519,Vietnam,Air,6-Jul-10,6-Jul-10,ARV,Adult,60,14952,128736.72,8.61,0.14,See ASN-7262 (ID#:25201),See ASN-7262 (ID#:25201),150/300mg
77651,Vietnam,Air,27-Oct-09,27-Oct-09,ARV,Adult,60,23040,146995.2,6.38,0.11,9,4620.03,150/200/30mg
78026,Vietnam,Air,13-Aug-14,30-Jul-14,ARV,Adult,30,22752,238896.0,10.5,0.35,3138,4964.6,600/300/300mg
78071,Vietnam,Air,26-Mar-10,26-Mar-10,ARV,Adult,30,252,3276.0,13.0,0.43,17,436.62,250mg
78116,Vietnam,Air,1-Jul-10,1-Jul-10,ARV,Adult,60,24349,267839.0,11.0,0.18,2799,11838.56,150/300/200mg
78120,Vietnam,Air,19-Oct-11,19-Oct-11,ARV,Adult,60,7000,17010.0,2.43,0.04,512,6015.18,200mg
78140,Vietnam,Air,2-Oct-12,2-Oct-12,ARV,Adult,60,2335,21832.25,9.35,0.16,See ASN-16124 (ID#:20321),See ASN-16124 (ID#:20321),150/300/200mg
78152,Vietnam,Air,15-May-12,15-May-12,ARV,Adult,30,27608,389272.8,14.1,0.47,See ASN-14757 (ID#:30618),See ASN-14757 (ID#:30618),600/300/300mg
78184,Vietnam,Air,21-Sep-11,21-Sep-11,ARV,Adult,60,9751,79958.2,8.2,0.14,See ASN-11855 (ID#:69871),See ASN-11855 (ID#:69871),150/300mg
78340,Vietnam,Air,23-Sep-11,23-Sep-11,ARV,Adult,120,1049,86227.8,82.2,0.68,264,5487.53,200/50mg
78346,Vietnam,Air,9-Nov-10,9-Nov-10,ARV,Adult,30,48235,207410.5,4.3,0.14,3919,11372.45,600mg
78603,Vietnam,Air,18-Oct-11,18-Oct-11,ARV,Adult,60,18000,26100.0,1.45,0.02,1390,11311.6,30mg
78714,Vietnam,Air,3-Apr-13,3-Apr-13,ARV,Adult,60,327,4218.3,12.9,0.22,See ASN-18662 (ID#:38299),See ASN-18662 (ID#:38299),300mg
78729,Vietnam,Air,1-Apr-10,1-Apr-10,ARV,Adult,60,16800,43680.0,2.6,0.04,See ASN-6341 (ID#:29298),See ASN-6341 (ID#:29298),150mg
78805,Vietnam,Air,27-Jul-11,27-Jul-11,ARV,Adult,30,1612,10478.0,6.5,0.22,111,7457.19,300mg
78839,Vietnam,Air,30-May-14,30-May-14,ARV,Adult,30,12000,48000.0,4.0,0.13,See ASN-24041 (ID#:34062),See ASN-24041 (ID#:34062),300mg
79173,Vietnam,Air,13-Jul-15,13-Jul-15,ARV,Adult,30,5120,51200.0,10.0,0.33,See ASN-32258 (ID#:29880),See ASN-32258 (ID#:29880),600/300/300mg
79236,Vietnam,Air,30-Jul-15,2-Aug-15,ARV,Adult,60,12816,103809.6,8.1,0.13,Weight Captured Separately,Invoiced Separately,150/300/200mg
79283,Vietnam,Air,24-Dec-14,24-Dec-14,ARV,Adult,30,15840,166320.0,10.5,0.35,See ASN-29384 (ID#:33441),See ASN-29384 (ID#:33441),600/300/300mg
79352,Vietnam,Air,1-Mar-12,1-Mar-12,ARV,Adult,60,14789,117572.55,7.95,0.13,See ASN-13475 (ID#:15772),See ASN-13475 (ID#:15772),150/300mg
79679,Vietnam,Air,7-Nov-14,7-Nov-14,ARV,Adult,60,8500,14620.0,1.72,0.03,See ASN-28062 (ID#:14016),See ASN-28062 (ID#:14016),150mg
79757,Vietnam,Air,22-Sep-11,22-Sep-11,ARV,Adult,120,4951,406972.2,82.2,0.68,1232,8108.91,200/50mg
79890,Vietnam,Air,15-May-12,15-May-12,ARV,Adult,30,9679,47911.05,4.95,0.16,See ASN-14757 (ID#:30618),See ASN-14757 (ID#:30618),300mg
80005,Vietnam,Air,14-Apr-15,14-Apr-15,ARV,Adult,30,14000,49700.0,3.55,0.12,See ASN-30942 (ID#:19840),See ASN-30942 (ID#:19840),300mg
80040,Vietnam,Air,26-Oct-09,26-Oct-09,ARV,Adult,60,27480,65952.0,2.4,0.04,See ASN-5131 (ID#:25886),See ASN-5131 (ID#:25886),150mg
80070,Vietnam,Air,27-Jul-11,27-Jul-11,ARV,Adult,60,11594,127534.0,11.0,0.18,1615,9502.5,150/300/200mg
80072,Vietnam,Air,28-May-13,28-May-13,ARV,Adult,60,34900,63169.0,1.81,0.03,1588,11413.52,150mg
80250,Vietnam,Air,17-May-10,17-May-10,ARV,Adult,30,1344,10080.0,7.5,0.25,86,3573.32,300mg
80470,Vietnam,Air,17-May-13,17-May-13,ARV,Adult,120,1114,67753.48,60.82,0.51,266,6568.7,200/50mg
81077,Vietnam,Air,10-Mar-15,10-Mar-15,ARV,Adult,60,4300,9288.0,2.16,0.04,See ASN-30320 (ID#:53759),See ASN-30320 (ID#:53759),200mg
81450,Vietnam,Air,2-Apr-13,2-Apr-13,ARV,Adult,60,293,3779.7,12.9,0.22,See ASN-18664 (ID#:19406),See ASN-18664 (ID#:19406),300mg
81496,Vietnam,Air,13-Dec-13,13-Dec-13,ARV,Adult,60,6238,50527.8,8.1,0.13,866,1464.24,150/300/200mg
81627,Vietnam,Air,13-Sep-11,13-Sep-11,ARV,Adult,30,30000,123900.0,4.13,0.14,2957,14589.33,600mg
81698,Vietnam,Air,15-Mar-10,15-Mar-10,ARV,Adult,60,12700,141605.0,11.15,0.19,1572,13479.25,150/300/200mg
81726,Vietnam,Air,13-Jul-13,13-Jul-13,ARV,Adult,30,2865,32918.85,11.49,0.38,332,6973.87,600/300/300mg
81767,Vietnam,Air,9-Oct-12,9-Oct-12,ARV,Adult,60,37366,78468.6,2.1,0.04,2162,3324.85,150mg
82105,Vietnam,Air,8-Oct-12,8-Oct-12,ARV,Adult,60,8586,20005.38,2.33,0.04,544,1454.64,200mg
82172,Vietnam,Air,16-Feb-11,16-Feb-11,ARV,Adult,60,15572,22579.4,1.45,0.02,See ASN-9408 (ID#:39263),See ASN-9408 (ID#:39263),30mg
82177,Vietnam,Air,17-Dec-14,17-Dec-14,ARV,Adult,30,5000,17500.0,3.5,0.12,See ASN-29372 (ID#:71477),See ASN-29372 (ID#:71477),600mg
83971,Vietnam,Air,11-Feb-10,18-Dec-09,ARV,Adult,60,6384,55923.84,8.76,0.15,579,3119.75,150/300mg
