,hour,station_complex_id,station_complex,ridership,transfers
0,09,228,"23 St (F,M)",2.0,0.0
1,09,162,"50 St (C,E)",87.0,1.0
2,09,333,"Wall St (2,3)",165.0,2.0
3,09,477,72 St (Q),7.0,0.0
4,09,144,Dyckman St (A),44.0,0.0
5,09,602,"14 St-Union Sq (L,N,Q,R,W,4,5,6)",168.0,18.0
6,09,393,116 St (6),23.0,0.0
7,09,602,"14 St-Union Sq (L,N,Q,R,W,4,5,6)",142.0,0.0
8,09,167,"W 4 St-Wash Sq (A,C,E,B,D,F,M)",82.0,2.0
9,09,159,"81 St-Museum of Natural History (C,B)",27.0,0.0
10,09,333,"Wall St (2,3)",48.0,0.0
11,09,404,28 St (6),7.0,0.0
12,09,313,"72 St (1,2,3)",121.0,2.0
13,09,438,"135 St (2,3)",15.0,0.0
14,09,329,Rector St (1),4.0,0.0
15,09,162,"50 St (C,E)",6.0,0.0
16,09,8,"5 Av/59 St (N,R,W)",4.0,0.0
17,09,623,"Canal St (J,N,Q,R,W,Z,6)",24.0,0.0
18,09,329,Rector St (1),9.0,1.0
19,09,304,145 St (1),15.0,1.0
20,09,439,"125 St (2,3)",10.0,0.0
21,09,477,72 St (Q),46.0,0.0
22,09,409,Spring St (6),10.0,0.0
23,09,165,"23 St (C,E)",11.0,0.0
24,09,13,"28 St (R,W)",33.0,0.0
25,09,612,"Lexington Av-53 St (E,M)/51 St (6)",10.0,0.0
26,09,437,145 St (3),9.0,0.0
27,09,162,"50 St (C,E)",317.0,0.0
28,09,16,"8 St-NYU (R,W)",5.0,0.0
29,09,476,86 St (Q),8.0,0.0
30,09,321,18 St (1),4.0,0.0
31,09,231,"Grand St (B,D)",197.0,0.0
32,09,297,215 St (1),2.0,0.0
33,09,162,"50 St (C,E)",20.0,0.0
34,09,118,3 Av (L),36.0,3.0
35,09,157,"96 St (C,B)",22.0,0.0
36,09,169,"Canal St (A,C,E)",8.0,0.0
37,09,20,"City Hall (R,W)",3.0,0.0
38,09,220,"155 St (B,D)",8.0,0.0
39,09,228,"23 St (F,M)",5.0,0.0
40,09,234,East Broadway (F),1.0,0.0
41,09,276,"5 Av/53 St (E,M)",1.0,0.0
42,09,314,66 St-Lincoln Center (1),37.0,0.0
43,09,314,66 St-Lincoln Center (1),51.0,0.0
44,09,319,28 St (1),2.0,0.0
45,09,392,"125 St (4,5,6)",52.0,2.0
46,09,403,33 St (6),87.0,11.0
47,09,409,Spring St (6),6.0,0.0
48,09,413,"Wall St (4,5)",24.0,0.0
49,09,414,"Bowling Green (4,5)",20.0,6.0
50,09,440,"116 St (2,3)",14.0,2.0
51,09,441,"Central Park North (110 St) (2,3)",10.0,1.0
52,09,601,"14 St (F,M,1,2,3)/6 Av (L)",77.0,0.0
53,09,622,"Brooklyn Bridge-City Hall (4,5,6)/Chambers St (J,Z)",22.0,0.0
54,09,624,"Chambers St (A,C)/WTC (E)/Park Pl (2,3)/Cortlandt (R,W)",9.0,0.0
55,09,14,"23 St (R,W)",41.0,1.0
56,09,147,175 St (A),11.0,0.0
57,09,149,163 St-Amsterdam Av (C),10.0,0.0
58,09,150,155 St (C),6.0,0.0
59,09,151,"145 St (A,C,B,D)",354.0,5.0
60,09,153,"125 St (A,C,B,D)",76.0,0.0
61,09,154,"116 St (C,B)",16.0,0.0
62,09,154,"116 St (C,B)",1.0,0.0
63,09,160,"72 St (C,B)",3.0,0.0
64,09,162,"50 St (C,E)",2.0,0.0
65,09,225,"47-50 Sts-Rockefeller Ctr (B,D,F,M)",90.0,0.0
66,09,232,2 Av (F),1.0,0.0
67,09,277,"7 Av (E,B,D)",15.0,0.0
68,09,299,Dyckman St (1),6.0,0.0
69,09,300,191 St (1),22.0,0.0
70,09,303,157 St (1),60.0,3.0
71,09,303,157 St (1),13.0,0.0
72,09,307,116 St-Columbia University (1),23.0,0.0
73,09,309,103 St (1),36.0,0.0
74,09,312,79 St (1),2.0,0.0
75,09,314,66 St-Lincoln Center (1),28.0,0.0
76,09,316,50 St (1),11.0,0.0
77,09,318,"34 St-Penn Station (1,2,3)",16.0,2.0
78,09,324,Houston St (1),18.0,0.0
79,09,327,"Chambers St (1,2,3)",37.0,0.0
80,09,394,110 St (6),18.0,0.0
81,09,397,"86 St (4,5,6)",57.0,13.0
82,09,397,"86 St (4,5,6)",7.0,0.0
83,09,409,Spring St (6),34.0,0.0
84,09,471,34 St-Hudson Yards (7),2.0,0.0
85,09,618,"14 St (A,C,E)/8 Av (L)",20.0,0.0
86,09,619,"Broadway-Lafayette St (B,D,F,M)/Bleecker St (6)",17.0,0.0
87,09,619,"Broadway-Lafayette St (B,D,F,M)/Bleecker St (6)",1.0,0.0
88,09,625,"Delancey St (F)/Essex St (J,M,Z)",258.0,3.0
89,09,TRAM2,RI Tramway (Roosevelt),10.0,0.0
90,09,119,1 Av (L),1.0,0.0
91,09,13,"28 St (R,W)",1.0,0.0
92,09,14,"23 St (R,W)",8.0,0.0
93,09,14,"23 St (R,W)",1.0,0.0
94,09,150,155 St (C),12.0,0.0
95,09,151,"145 St (A,C,B,D)",57.0,0.0
96,09,156,"103 St (C,B)",6.0,0.0
97,09,157,"96 St (C,B)",23.0,3.0
98,09,159,"81 St-Museum of Natural History (C,B)",17.0,1.0
99,09,164,"34 St-Penn Station (A,C,E)",12.0,0.0
100,09,224,57 St (F),71.0,0.0
101,09,277,"7 Av (E,B,D)",7.0,0.0
102,09,296,Marble Hill-225 St (1),16.0,0.0
103,09,299,Dyckman St (1),27.0,0.0
104,09,299,Dyckman St (1),33.0,0.0
105,09,312,79 St (1),15.0,1.0
106,09,327,"Chambers St (1,2,3)",2.0,0.0
107,09,329,Rector St (1),18.0,4.0
108,09,393,116 St (6),45.0,0.0
109,09,396,96 St (6),12.0,1.0
110,09,397,"86 St (4,5,6)",515.0,33.0
111,09,399,68 St-Hunter College (6),2.0,0.0
112,09,405,23 St (6),6.0,0.0
113,09,405,23 St (6),12.0,1.0
114,09,407,Astor Pl (6),6.0,0.0
115,09,413,"Wall St (4,5)",6.0,0.0
116,09,414,"Bowling Green (4,5)",13.0,8.0
117,09,436,Harlem-148 St (3),13.0,0.0
118,09,438,"135 St (2,3)",2.0,0.0
119,09,441,"Central Park North (110 St) (2,3)",86.0,4.0
120,09,601,"14 St (F,M,1,2,3)/6 Av (L)",111.0,26.0
121,09,612,"Lexington Av-53 St (E,M)/51 St (6)",11.0,1.0
122,09,618,"14 St (A,C,E)/8 Av (L)",37.0,1.0
123,09,625,"Delancey St (F)/Essex St (J,M,Z)",58.0,0.0
124,09,625,"Delancey St (F)/Essex St (J,M,Z)",5.0,1.0
125,09,TRAM1,RI Tramway (Manhattan),4.0,1.0
126,09,107,"Broad St (J,Z)",5.0,0.0
127,09,118,3 Av (L),4.0,0.0
128,09,144,Dyckman St (A),27.0,0.0
129,09,151,"145 St (A,C,B,D)",2.0,0.0
130,09,154,"116 St (C,B)",32.0,0.0
131,09,156,"103 St (C,B)",15.0,0.0
132,09,16,"8 St-NYU (R,W)",2.0,0.0
133,09,164,"34 St-Penn Station (A,C,E)",104.0,1.0
134,09,167,"W 4 St-Wash Sq (A,C,E,B,D,F,M)",7.0,0.0
135,09,225,"47-50 Sts-Rockefeller Ctr (B,D,F,M)",13.0,0.0
136,09,298,207 St (1),8.0,0.0
137,09,307,116 St-Columbia University (1),7.0,0.0
138,09,314,66 St-Lincoln Center (1),48.0,3.0
139,09,393,116 St (6),32.0,0.0
140,09,396,96 St (6),29.0,0.0
141,09,403,33 St (6),5.0,0.0
142,09,440,"116 St (2,3)",15.0,0.0
143,09,440,"116 St (2,3)",4.0,0.0
144,09,441,"Central Park North (110 St) (2,3)",7.0,0.0
145,09,471,34 St-Hudson Yards (7),57.0,0.0
146,09,476,86 St (Q),353.0,3.0
147,09,476,86 St (Q),6.0,1.0
148,09,602,"14 St-Union Sq (L,N,Q,R,W,4,5,6)",86.0,16.0
149,09,605,"168 St (A,C,1)",4.0,0.0
150,09,618,"14 St (A,C,E)/8 Av (L)",41.0,0.0
151,09,622,"Brooklyn Bridge-City Hall (4,5,6)/Chambers St (J,Z)",9.0,0.0
152,09,625,"Delancey St (F)/Essex St (J,M,Z)",14.0,0.0
153,09,TRAM1,RI Tramway (Manhattan),17.0,11.0
154,09,13,"28 St (R,W)",1.0,0.0
155,09,146,181 St (A),23.0,0.0
156,09,153,"125 St (A,C,B,D)",40.0,2.0
157,09,155,"Cathedral Pkwy (110 St) (C,B)",1.0,0.0
158,09,156,"103 St (C,B)",30.0,0.0
159,09,158,"86 St (C,B)",30.0,6.0
160,09,167,"W 4 St-Wash Sq (A,C,E,B,D,F,M)",260.0,3.0
161,09,228,"23 St (F,M)",95.0,2.0
162,09,296,Marble Hill-225 St (1),23.0,1.0
163,09,296,Marble Hill-225 St (1),8.0,0.0
164,09,298,207 St (1),41.0,12.0
165,09,299,Dyckman St (1),76.0,0.0
166,09,300,191 St (1),11.0,0.0
167,09,300,191 St (1),81.0,0.0
168,09,306,125 St (1),4.0,0.0
169,09,309,103 St (1),13.0,0.0
170,09,309,103 St (1),55.0,0.0
171,09,310,"96 St (1,2,3)",464.0,4.0
172,09,318,"34 St-Penn Station (1,2,3)",1310.0,21.0
173,09,319,28 St (1),185.0,0.0
174,09,325,Canal St (1),1.0,0.0
175,09,328,WTC Cortlandt (1),19.0,0.0
176,09,333,"Wall St (2,3)",4.0,0.0
177,09,409,Spring St (6),7.0,0.0
178,09,436,Harlem-148 St (3),16.0,0.0
179,09,441,"Central Park North (110 St) (2,3)",13.0,0.0
180,09,475,96 St (Q),53.0,0.0
181,09,601,"14 St (F,M,1,2,3)/6 Av (L)",5.0,1.0
182,09,614,"59 St-Columbus Circle (A,B,C,D,1)",92.0,0.0
183,09,618,"14 St (A,C,E)/8 Av (L)",72.0,4.0
184,09,9,"57 St-7 Av (N,Q,R,W)",20.0,4.0
185,09,TRAM2,RI Tramway (Roosevelt),37.0,0.0
186,09,TRAM2,RI Tramway (Roosevelt),2.0,0.0
187,09,10,"49 St (N,R,W)",119.0,0.0
188,09,14,"23 St (R,W)",4.0,2.0
189,09,144,Dyckman St (A),5.0,0.0
190,09,155,"Cathedral Pkwy (110 St) (C,B)",16.0,1.0
191,09,159,"81 St-Museum of Natural History (C,B)",5.0,0.0
192,09,159,"81 St-Museum of Natural History (C,B)",2.0,0.0
193,09,167,"W 4 St-Wash Sq (A,C,E,B,D,F,M)",20.0,0.0
194,09,168,"Spring St (C,E)",1.0,0.0
195,09,222,Roosevelt Island (F),15.0,0.0
196,09,225,"47-50 Sts-Rockefeller Ctr (B,D,F,M)",2.0,0.0
197,09,231,"Grand St (B,D)",38.0,0.0
198,09,276,"5 Av/53 St (E,M)",109.0,2.0
199,09,301,181 St (1),13.0,2.0
200,09,304,145 St (1),3.0,0.0
201,09,305,137 St-City College (1),13.0,0.0
202,09,308,Cathedral Pkwy (110 St) (1),10.0,1.0
203,09,311,86 St (1),61.0,6.0
204,09,323,Christopher St-Sheridan Sq (1),77.0,2.0
205,09,407,Astor Pl (6),2.0,0.0
206,09,413,"Wall St (4,5)",6.0,1.0
207,09,441,"Central Park North (110 St) (2,3)",21.0,4.0
208,09,602,"14 St-Union Sq (L,N,Q,R,W,4,5,6)",66.0,1.0
209,09,611,"Times Sq-42 St (N,Q,R,W,S,1,2,3,7)/42 St (A,C,E)",151.0,0.0
210,09,618,"14 St (A,C,E)/8 Av (L)",17.0,0.0
211,09,622,"Brooklyn Bridge-City Hall (4,5,6)/Chambers St (J,Z)",33.0,0.0
212,09,628,"Fulton St (A,C,J,Z,2,3,4,5)",18.0,0.0
213,09,628,"Fulton St (A,C,J,Z,2,3,4,5)",101.0,0.0
214,09,628,"Fulton St (A,C,J,Z,2,3,4,5)",3.0,0.0
215,09,635,"South Ferry (1)/Whitehall St (R,W)",169.0,72.0
216,09,118,3 Av (L),4.0,0.0
217,09,143,Inwood-207 St (A),4.0,0.0
218,09,145,190 St (A),10.0,0.0
219,09,151,"145 St (A,C,B,D)",100.0,0.0
220,09,152,"135 St (C,B)",24.0,0.0
221,09,155,"Cathedral Pkwy (110 St) (C,B)",106.0,1.0
222,09,156,"103 St (C,B)",23.0,0.0
223,09,169,"Canal St (A,C,E)",150.0,1.0
224,09,20,"City Hall (R,W)",9.0,0.0
225,09,222,Roosevelt Island (F),3.0,0.0
226,09,222,Roosevelt Island (F),37.0,0.0
227,09,225,"47-50 Sts-Rockefeller Ctr (B,D,F,M)",20.0,0.0
228,09,228,"23 St (F,M)",97.0,0.0
229,09,234,East Broadway (F),34.0,0.0
230,09,234,East Broadway (F),37.0,0.0
231,09,300,191 St (1),18.0,0.0
232,09,303,157 St (1),20.0,1.0
233,09,316,50 St (1),99.0,1.0
234,09,326,Franklin St (1),29.0,0.0
235,09,392,"125 St (4,5,6)",3.0,0.0
236,09,394,110 St (6),13.0,2.0
237,09,395,103 St (6),1.0,0.0
238,09,397,"86 St (4,5,6)",76.0,0.0
239,09,437,145 St (3),13.0,0.0
240,09,438,"135 St (2,3)",16.0,3.0
241,09,439,"125 St (2,3)",16.0,3.0
242,09,440,"116 St (2,3)",45.0,0.0
243,09,471,34 St-Hudson Yards (7),1.0,0.0
244,09,475,96 St (Q),74.0,9.0
245,09,475,96 St (Q),10.0,2.0
246,09,477,72 St (Q),3.0,0.0
247,09,605,"168 St (A,C,1)",224.0,1.0
248,09,612,"Lexington Av-53 St (E,M)/51 St (6)",37.0,0.0
249,09,613,"Lexington Av (N,R,W)/59 St (4,5,6)",17.0,1.0
250,09,619,"Broadway-Lafayette St (B,D,F,M)/Bleecker St (6)",15.0,0.0
251,09,623,"Canal St (J,N,Q,R,W,Z,6)",205.0,3.0
252,09,625,"Delancey St (F)/Essex St (J,M,Z)",34.0,6.0
253,09,635,"South Ferry (1)/Whitehall St (R,W)",56.0,0.0
254,09,635,"South Ferry (1)/Whitehall St (R,W)",1.0,1.0
255,09,9,"57 St-7 Av (N,Q,R,W)",79.0,0.0
256,09,146,181 St (A),74.0,1.0
257,09,16,"8 St-NYU (R,W)",3.0,0.0
258,09,16,"8 St-NYU (R,W)",30.0,0.0
259,09,168,"Spring St (C,E)",19.0,0.0
260,09,17,"Prince St (R,W)",1.0,0.0
261,09,222,Roosevelt Island (F),4.0,0.0
262,09,231,"Grand St (B,D)",75.0,0.0
263,09,234,East Broadway (F),16.0,0.0
264,09,301,181 St (1),52.0,0.0
265,09,304,145 St (1),36.0,3.0
266,09,304,145 St (1),12.0,0.0
267,09,307,116 St-Columbia University (1),6.0,1.0
268,09,311,86 St (1),13.0,0.0
269,09,318,"34 St-Penn Station (1,2,3)",89.0,0.0
270,09,321,18 St (1),9.0,0.0
271,09,321,18 St (1),13.0,0.0
272,09,324,Houston St (1),2.0,0.0
273,09,397,"86 St (4,5,6)",18.0,2.0
274,09,398,77 St (6),29.0,4.0
275,09,398,77 St (6),4.0,0.0
276,09,407,Astor Pl (6),4.0,0.0
277,09,436,Harlem-148 St (3),9.0,0.0
278,09,436,Harlem-148 St (3),46.0,0.0
279,09,440,"116 St (2,3)",37.0,0.0
280,09,623,"Canal St (J,N,Q,R,W,Z,6)",76.0,1.0
281,09,625,"Delancey St (F)/Essex St (J,M,Z)",71.0,0.0
282,09,8,"5 Av/59 St (N,R,W)",1.0,0.0
283,09,9,"57 St-7 Av (N,Q,R,W)",309.0,3.0
284,09,9,"57 St-7 Av (N,Q,R,W)",3.0,0.0
285,09,103,"Bowery (J,Z)",31.0,0.0
286,09,13,"28 St (R,W)",6.0,0.0
287,09,145,190 St (A),4.0,0.0
288,09,147,175 St (A),211.0,1.0
289,09,150,155 St (C),3.0,0.0
290,09,155,"Cathedral Pkwy (110 St) (C,B)",8.0,0.0
291,09,157,"96 St (C,B)",5.0,0.0
292,09,164,"34 St-Penn Station (A,C,E)",61.0,1.0
293,09,164,"34 St-Penn Station (A,C,E)",112.0,0.0
294,09,168,"Spring St (C,E)",9.0,0.0
295,09,22,"Rector St (R,W)",56.0,0.0
296,09,22,"Rector St (R,W)",1.0,0.0
297,09,220,"155 St (B,D)",12.0,0.0
298,09,224,57 St (F),22.0,0.0
299,09,231,"Grand St (B,D)",85.0,0.0
300,09,303,157 St (1),53.0,0.0
301,09,312,79 St (1),22.0,0.0
302,09,313,"72 St (1,2,3)",8.0,0.0
303,09,323,Christopher St-Sheridan Sq (1),1.0,0.0
304,09,325,Canal St (1),2.0,0.0
305,09,397,"86 St (4,5,6)",16.0,1.0
306,09,403,33 St (6),88.0,0.0
307,09,404,28 St (6),4.0,0.0
308,09,437,145 St (3),1.0,0.0
309,09,438,"135 St (2,3)",11.0,0.0
310,09,471,34 St-Hudson Yards (7),14.0,0.0
311,09,601,"14 St (F,M,1,2,3)/6 Av (L)",339.0,95.0
312,09,609,"Bryant Pk (B,D,F,M)/5 Av (7)",198.0,0.0
313,09,610,"Grand Central-42 St (S,4,5,6,7)",142.0,0.0
314,09,611,"Times Sq-42 St (N,Q,R,W,S,1,2,3,7)/42 St (A,C,E)",2950.0,42.0
315,09,612,"Lexington Av-53 St (E,M)/51 St (6)",65.0,0.0
316,09,TRAM1,RI Tramway (Manhattan),4.0,0.0
317,09,TRAM2,RI Tramway (Roosevelt),35.0,0.0
318,09,13,"28 St (R,W)",143.0,1.0
319,09,153,"125 St (A,C,B,D)",109.0,0.0
320,09,157,"96 St (C,B)",113.0,8.0
321,09,160,"72 St (C,B)",1.0,0.0
322,09,162,"50 St (C,E)",18.0,2.0
323,09,165,"23 St (C,E)",39.0,0.0
324,09,304,145 St (1),13.0,0.0
325,09,310,"96 St (1,2,3)",13.0,0.0
326,09,318,"34 St-Penn Station (1,2,3)",201.0,0.0
327,09,392,"125 St (4,5,6)",49.0,2.0
328,09,393,116 St (6),26.0,0.0
329,09,394,110 St (6),55.0,0.0
330,09,398,77 St (6),11.0,0.0
331,09,398,77 St (6),88.0,8.0
332,09,404,28 St (6),61.0,0.0
333,09,407,Astor Pl (6),129.0,3.0
334,09,409,Spring St (6),73.0,0.0
335,09,413,"Wall St (4,5)",37.0,0.0
336,09,609,"Bryant Pk (B,D,F,M)/5 Av (7)",378.0,14.0
337,09,613,"Lexington Av (N,R,W)/59 St (4,5,6)",154.0,0.0
338,09,613,"Lexington Av (N,R,W)/59 St (4,5,6)",394.0,105.0
339,09,614,"59 St-Columbus Circle (A,B,C,D,1)",31.0,1.0
340,09,10,"49 St (N,R,W)",190.0,0.0
341,09,10,"49 St (N,R,W)",310.0,2.0
342,09,10,"49 St (N,R,W)",1.0,0.0
343,09,118,3 Av (L),11.0,1.0
344,09,118,3 Av (L),4.0,0.0
345,09,13,"28 St (R,W)",5.0,1.0
346,09,14,"23 St (R,W)",3.0,2.0
347,09,143,Inwood-207 St (A),23.0,2.0
348,09,144,Dyckman St (A),21.0,0.0
349,09,149,163 St-Amsterdam Av (C),27.0,0.0
350,09,151,"145 St (A,C,B,D)",38.0,1.0
351,09,152,"135 St (C,B)",7.0,0.0
352,09,153,"125 St (A,C,B,D)",107.0,5.0
353,09,154,"116 St (C,B)",19.0,0.0
354,09,155,"Cathedral Pkwy (110 St) (C,B)",3.0,0.0
355,09,155,"Cathedral Pkwy (110 St) (C,B)",12.0,0.0
356,09,165,"23 St (C,E)",22.0,0.0
357,09,168,"Spring St (C,E)",16.0,0.0
358,09,17,"Prince St (R,W)",5.0,0.0
359,09,222,Roosevelt Island (F),1.0,0.0
360,09,223,"Lexington Av/63 St (F,Q)",21.0,0.0
361,09,228,"23 St (F,M)",31.0,0.0
362,09,232,2 Av (F),60.0,0.0
363,09,277,"7 Av (E,B,D)",280.0,1.0
364,09,307,116 St-Columbia University (1),3.0,0.0
365,09,311,86 St (1),9.0,0.0
366,09,313,"72 St (1,2,3)",63.0,4.0
367,09,313,"72 St (1,2,3)",128.0,0.0
368,09,318,"34 St-Penn Station (1,2,3)",75.0,3.0
369,09,320,23 St (1),4.0,0.0
370,09,324,Houston St (1),44.0,0.0
371,09,324,Houston St (1),4.0,0.0
372,09,325,Canal St (1),8.0,0.0
373,09,392,"125 St (4,5,6)",30.0,3.0
374,09,392,"125 St (4,5,6)",65.0,0.0
375,09,395,103 St (6),20.0,1.0
376,09,398,77 St (6),4.0,0.0
377,09,403,33 St (6),34.0,0.0
378,09,404,28 St (6),65.0,0.0
379,09,409,Spring St (6),22.0,0.0
380,09,436,Harlem-148 St (3),29.0,0.0
381,09,436,Harlem-148 St (3),3.0,0.0
382,09,439,"125 St (2,3)",51.0,4.0
383,09,605,"168 St (A,C,1)",18.0,0.0
384,09,609,"Bryant Pk (B,D,F,M)/5 Av (7)",4.0,0.0
385,09,612,"Lexington Av-53 St (E,M)/51 St (6)",6.0,0.0
386,09,TRAM1,RI Tramway (Manhattan),49.0,13.0
387,09,13,"28 St (R,W)",16.0,0.0
388,09,149,163 St-Amsterdam Av (C),17.0,0.0
389,09,153,"125 St (A,C,B,D)",32.0,4.0
390,09,154,"116 St (C,B)",27.0,0.0
391,09,158,"86 St (C,B)",23.0,0.0
392,09,162,"50 St (C,E)",28.0,1.0
393,09,222,Roosevelt Island (F),9.0,1.0
394,09,223,"Lexington Av/63 St (F,Q)",130.0,24.0
395,09,277,"7 Av (E,B,D)",11.0,0.0
396,09,277,"7 Av (E,B,D)",1.0,0.0
397,09,301,181 St (1),19.0,3.0
398,09,303,157 St (1),18.0,2.0
399,09,305,137 St-City College (1),54.0,0.0
400,09,306,125 St (1),11.0,0.0
401,09,309,103 St (1),46.0,0.0
402,09,319,28 St (1),200.0,0.0
403,09,323,Christopher St-Sheridan Sq (1),4.0,0.0
404,09,328,WTC Cortlandt (1),209.0,0.0
405,09,333,"Wall St (2,3)",1.0,0.0
406,09,396,96 St (6),21.0,4.0
407,09,399,68 St-Hunter College (6),28.0,3.0
408,09,407,Astor Pl (6),30.0,0.0
409,09,414,"Bowling Green (4,5)",46.0,5.0
410,09,414,"Bowling Green (4,5)",30.0,0.0
411,09,607,"34 St-Herald Sq (B,D,F,M,N,Q,R,W)",22.0,0.0
412,09,609,"Bryant Pk (B,D,F,M)/5 Av (7)",15.0,0.0
413,09,612,"Lexington Av-53 St (E,M)/51 St (6)",519.0,6.0
414,09,TRAM2,RI Tramway (Roosevelt),4.0,0.0
415,09,103,"Bowery (J,Z)",2.0,0.0
416,09,146,181 St (A),200.0,1.0
417,09,147,175 St (A),11.0,0.0
418,09,147,175 St (A),60.0,0.0
419,09,150,155 St (C),10.0,0.0
420,09,151,"145 St (A,C,B,D)",84.0,0.0
421,09,164,"34 St-Penn Station (A,C,E)",674.0,1.0
422,09,168,"Spring St (C,E)",98.0,2.0
423,09,17,"Prince St (R,W)",2.0,0.0
424,09,220,"155 St (B,D)",25.0,0.0
425,09,223,"Lexington Av/63 St (F,Q)",1.0,0.0
426,09,297,215 St (1),5.0,0.0
427,09,301,181 St (1),31.0,10.0
428,09,309,103 St (1),10.0,0.0
429,09,316,50 St (1),20.0,0.0
430,09,323,Christopher St-Sheridan Sq (1),35.0,0.0
431,09,324,Houston St (1),8.0,1.0
432,09,329,Rector St (1),110.0,0.0
433,09,333,"Wall St (2,3)",17.0,0.0
434,09,394,110 St (6),18.0,0.0
435,09,394,110 St (6),22.0,1.0
436,09,403,33 St (6),307.0,23.0
437,09,405,23 St (6),38.0,0.0
438,09,437,145 St (3),7.0,0.0
439,09,609,"Bryant Pk (B,D,F,M)/5 Av (7)",19.0,3.0
440,09,611,"Times Sq-42 St (N,Q,R,W,S,1,2,3,7)/42 St (A,C,E)",262.0,0.0
441,09,622,"Brooklyn Bridge-City Hall (4,5,6)/Chambers St (J,Z)",28.0,1.0
442,09,625,"Delancey St (F)/Essex St (J,M,Z)",70.0,5.0
443,09,628,"Fulton St (A,C,J,Z,2,3,4,5)",21.0,1.0
444,09,TRAM1,RI Tramway (Manhattan),2.0,2.0
445,09,119,1 Av (L),11.0,0.0
446,09,145,190 St (A),32.0,0.0
447,09,147,175 St (A),28.0,1.0
448,09,152,"135 St (C,B)",8.0,0.0
449,09,157,"96 St (C,B)",9.0,1.0
450,09,220,"155 St (B,D)",4.0,0.0
451,09,234,East Broadway (F),11.0,0.0
452,09,297,215 St (1),2.0,0.0
453,09,307,116 St-Columbia University (1),4.0,0.0
454,09,308,Cathedral Pkwy (110 St) (1),145.0,1.0
455,09,316,50 St (1),160.0,0.0
456,09,328,WTC Cortlandt (1),6.0,0.0
457,09,329,Rector St (1),7.0,0.0
458,09,395,103 St (6),20.0,0.0
459,09,396,96 St (6),42.0,0.0
460,09,399,68 St-Hunter College (6),169.0,1.0
461,09,404,28 St (6),1.0,0.0
462,09,414,"Bowling Green (4,5)",221.0,94.0
463,09,437,145 St (3),21.0,1.0
464,09,477,72 St (Q),48.0,1.0
465,09,613,"Lexington Av (N,R,W)/59 St (4,5,6)",7.0,1.0
466,09,614,"59 St-Columbus Circle (A,B,C,D,1)",166.0,3.0
467,09,619,"Broadway-Lafayette St (B,D,F,M)/Bleecker St (6)",56.0,0.0
468,09,622,"Brooklyn Bridge-City Hall (4,5,6)/Chambers St (J,Z)",8.0,0.0
469,09,635,"South Ferry (1)/Whitehall St (R,W)",118.0,0.0
470,09,298,207 St (1),59.0,7.0
471,09,10,"49 St (N,R,W)",9.0,0.0
472,09,144,Dyckman St (A),2.0,0.0
473,09,144,Dyckman St (A),102.0,0.0
474,09,156,"103 St (C,B)",3.0,0.0
475,09,160,"72 St (C,B)",10.0,0.0
476,09,164,"34 St-Penn Station (A,C,E)",7.0,0.0
477,09,168,"Spring St (C,E)",3.0,0.0
478,09,22,"Rector St (R,W)",15.0,7.0
479,09,220,"155 St (B,D)",15.0,0.0
480,09,222,Roosevelt Island (F),101.0,0.0
481,09,223,"Lexington Av/63 St (F,Q)",4.0,0.0
482,09,225,"47-50 Sts-Rockefeller Ctr (B,D,F,M)",8.0,0.0
483,09,225,"47-50 Sts-Rockefeller Ctr (B,D,F,M)",4.0,0.0
484,09,232,2 Av (F),176.0,2.0
485,09,234,East Broadway (F),62.0,0.0
486,09,276,"5 Av/53 St (E,M)",13.0,0.0
487,09,296,Marble Hill-225 St (1),9.0,0.0
488,09,296,Marble Hill-225 St (1),51.0,3.0
489,09,298,207 St (1),7.0,1.0
490,09,298,207 St (1),22.0,0.0
491,09,299,Dyckman St (1),25.0,2.0
492,09,306,125 St (1),15.0,0.0
493,09,312,79 St (1),5.0,1.0
494,09,314,66 St-Lincoln Center (1),173.0,3.0
495,09,320,23 St (1),5.0,0.0
496,09,320,23 St (1),124.0,0.0
497,09,321,18 St (1),1.0,0.0
498,09,324,Houston St (1),9.0,0.0
499,09,326,Franklin St (1),2.0,0.0
500,09,329,Rector St (1),5.0,0.0
501,09,392,"125 St (4,5,6)",267.0,22.0
502,09,396,96 St (6),79.0,2.0
503,09,440,"116 St (2,3)",7.0,0.0
504,09,471,34 St-Hudson Yards (7),2.0,0.0
505,09,475,96 St (Q),85.0,0.0
506,09,605,"168 St (A,C,1)",118.0,1.0
507,09,624,"Chambers St (A,C)/WTC (E)/Park Pl (2,3)/Cortlandt (R,W)",248.0,5.0
508,09,628,"Fulton St (A,C,J,Z,2,3,4,5)",335.0,0.0
509,09,13,"28 St (R,W)",1.0,0.0
510,09,145,190 St (A),71.0,0.0
511,09,20,"City Hall (R,W)",2.0,0.0
512,09,22,"Rector St (R,W)",2.0,1.0
513,09,223,"Lexington Av/63 St (F,Q)",19.0,7.0
514,09,231,"Grand St (B,D)",8.0,0.0
515,09,277,"7 Av (E,B,D)",1.0,0.0
516,09,304,145 St (1),121.0,4.0
517,09,305,137 St-City College (1),16.0,0.0
518,09,305,137 St-City College (1),175.0,1.0
519,09,309,103 St (1),64.0,1.0
520,09,326,Franklin St (1),5.0,0.0
521,09,327,"Chambers St (1,2,3)",6.0,0.0
522,09,413,"Wall St (4,5)",5.0,0.0
523,09,438,"135 St (2,3)",143.0,2.0
524,09,471,34 St-Hudson Yards (7),34.0,0.0
525,09,471,34 St-Hudson Yards (7),18.0,0.0
526,09,601,"14 St (F,M,1,2,3)/6 Av (L)",61.0,0.0
527,09,610,"Grand Central-42 St (S,4,5,6,7)",143.0,3.0
528,09,618,"14 St (A,C,E)/8 Av (L)",71.0,0.0
529,09,624,"Chambers St (A,C)/WTC (E)/Park Pl (2,3)/Cortlandt (R,W)",33.0,0.0
530,09,624,"Chambers St (A,C)/WTC (E)/Park Pl (2,3)/Cortlandt (R,W)",42.0,0.0
531,09,624,"Chambers St (A,C)/WTC (E)/Park Pl (2,3)/Cortlandt (R,W)",141.0,0.0
532,09,635,"South Ferry (1)/Whitehall St (R,W)",264.0,95.0
533,09,9,"57 St-7 Av (N,Q,R,W)",5.0,0.0
534,09,TRAM1,RI Tramway (Manhattan),3.0,0.0
535,09,119,1 Av (L),59.0,1.0
536,09,13,"28 St (R,W)",108.0,0.0
537,09,144,Dyckman St (A),8.0,0.0
538,09,145,190 St (A),4.0,0.0
539,09,147,175 St (A),3.0,0.0
540,09,159,"81 St-Museum of Natural History (C,B)",32.0,0.0
541,09,16,"8 St-NYU (R,W)",10.0,0.0
542,09,160,"72 St (C,B)",8.0,0.0
543,09,160,"72 St (C,B)",120.0,4.0
544,09,164,"34 St-Penn Station (A,C,E)",15.0,0.0
545,09,165,"23 St (C,E)",3.0,0.0
546,09,167,"W 4 St-Wash Sq (A,C,E,B,D,F,M)",23.0,0.0
547,09,169,"Canal St (A,C,E)",3.0,0.0
548,09,17,"Prince St (R,W)",16.0,0.0
549,09,20,"City Hall (R,W)",32.0,0.0
550,09,20,"City Hall (R,W)",2.0,0.0
551,09,22,"Rector St (R,W)",1.0,0.0
552,09,299,Dyckman St (1),24.0,0.0
553,09,301,181 St (1),10.0,0.0
554,09,316,50 St (1),4.0,0.0
555,09,326,Franklin St (1),2.0,0.0
556,09,333,"Wall St (2,3)",110.0,0.0
557,09,395,103 St (6),38.0,0.0
558,09,396,96 St (6),31.0,7.0
559,09,397,"86 St (4,5,6)",28.0,2.0
560,09,399,68 St-Hunter College (6),14.0,0.0
561,09,403,33 St (6),23.0,3.0
562,09,405,23 St (6),54.0,3.0
563,09,441,"Central Park North (110 St) (2,3)",7.0,0.0
564,09,441,"Central Park North (110 St) (2,3)",16.0,0.0
565,09,476,86 St (Q),85.0,3.0
566,09,476,86 St (Q),30.0,0.0
567,09,609,"Bryant Pk (B,D,F,M)/5 Av (7)",2.0,0.0
568,09,610,"Grand Central-42 St (S,4,5,6,7)",437.0,0.0
569,09,613,"Lexington Av (N,R,W)/59 St (4,5,6)",38.0,12.0
570,09,9,"57 St-7 Av (N,Q,R,W)",7.0,0.0
571,09,143,Inwood-207 St (A),57.0,8.0
572,09,149,163 St-Amsterdam Av (C),2.0,0.0
573,09,151,"145 St (A,C,B,D)",26.0,0.0
574,09,158,"86 St (C,B)",3.0,1.0
575,09,158,"86 St (C,B)",25.0,1.0
576,09,16,"8 St-NYU (R,W)",23.0,0.0
577,09,160,"72 St (C,B)",31.0,0.0
578,09,22,"Rector St (R,W)",77.0,15.0
579,09,223,"Lexington Av/63 St (F,Q)",17.0,0.0
580,09,223,"Lexington Av/63 St (F,Q)",4.0,1.0
581,09,308,Cathedral Pkwy (110 St) (1),10.0,0.0
582,09,310,"96 St (1,2,3)",92.0,7.0
583,09,321,18 St (1),74.0,0.0
584,09,323,Christopher St-Sheridan Sq (1),10.0,1.0
585,09,404,28 St (6),29.0,0.0
586,09,407,Astor Pl (6),20.0,0.0
587,09,407,Astor Pl (6),1.0,0.0
588,09,413,"Wall St (4,5)",30.0,2.0
589,09,439,"125 St (2,3)",71.0,0.0
590,09,441,"Central Park North (110 St) (2,3)",16.0,0.0
591,09,477,72 St (Q),91.0,4.0
592,09,605,"168 St (A,C,1)",51.0,0.0
593,09,611,"Times Sq-42 St (N,Q,R,W,S,1,2,3,7)/42 St (A,C,E)",7.0,0.0
594,09,614,"59 St-Columbus Circle (A,B,C,D,1)",4.0,0.0
595,09,619,"Broadway-Lafayette St (B,D,F,M)/Bleecker St (6)",34.0,0.0
596,09,624,"Chambers St (A,C)/WTC (E)/Park Pl (2,3)/Cortlandt (R,W)",16.0,1.0
597,09,8,"5 Av/59 St (N,R,W)",13.0,0.0
598,09,8,"5 Av/59 St (N,R,W)",6.0,0.0
599,09,103,"Bowery (J,Z)",4.0,0.0
600,09,107,"Broad St (J,Z)",4.0,0.0
601,09,118,3 Av (L),2.0,0.0
602,09,118,3 Av (L),5.0,1.0
603,09,119,1 Av (L),276.0,7.0
604,09,146,181 St (A),15.0,0.0
605,09,157,"96 St (C,B)",27.0,5.0
606,09,158,"86 St (C,B)",125.0,10.0
607,09,297,215 St (1),7.0,0.0
608,09,304,145 St (1),21.0,1.0
609,09,305,137 St-City College (1),13.0,0.0
610,09,306,125 St (1),10.0,0.0
611,09,306,125 St (1),27.0,1.0
612,09,310,"96 St (1,2,3)",103.0,0.0
613,09,313,"72 St (1,2,3)",30.0,1.0
614,09,313,"72 St (1,2,3)",77.0,0.0
615,09,320,23 St (1),1.0,0.0
616,09,326,Franklin St (1),2.0,0.0
617,09,327,"Chambers St (1,2,3)",29.0,1.0
618,09,398,77 St (6),29.0,3.0
619,09,403,33 St (6),8.0,0.0
620,09,437,145 St (3),3.0,0.0
621,09,610,"Grand Central-42 St (S,4,5,6,7)",1940.0,24.0
622,09,614,"59 St-Columbus Circle (A,B,C,D,1)",13.0,0.0
623,09,622,"Brooklyn Bridge-City Hall (4,5,6)/Chambers St (J,Z)",110.0,1.0
624,09,623,"Canal St (J,N,Q,R,W,Z,6)",28.0,0.0
625,09,8,"5 Av/59 St (N,R,W)",17.0,0.0
626,09,TRAM2,RI Tramway (Roosevelt),13.0,0.0
627,09,TRAM2,RI Tramway (Roosevelt),1.0,1.0
628,09,14,"23 St (R,W)",63.0,0.0
629,09,143,Inwood-207 St (A),27.0,3.0
630,09,143,Inwood-207 St (A),31.0,0.0
631,09,149,163 St-Amsterdam Av (C),4.0,0.0
632,09,155,"Cathedral Pkwy (110 St) (C,B)",29.0,0.0
633,09,169,"Canal St (A,C,E)",3.0,0.0
634,09,17,"Prince St (R,W)",21.0,0.0
635,09,223,"Lexington Av/63 St (F,Q)",35.0,5.0
636,09,231,"Grand St (B,D)",54.0,5.0
637,09,232,2 Av (F),18.0,0.0
638,09,277,"7 Av (E,B,D)",16.0,0.0
639,09,306,125 St (1),85.0,2.0
640,09,308,Cathedral Pkwy (110 St) (1),26.0,0.0
641,09,311,86 St (1),41.0,2.0
642,09,316,50 St (1),2.0,0.0
643,09,326,Franklin St (1),6.0,0.0
644,09,395,103 St (6),10.0,0.0
645,09,414,"Bowling Green (4,5)",12.0,2.0
646,09,477,72 St (Q),8.0,0.0
647,09,613,"Lexington Av (N,R,W)/59 St (4,5,6)",50.0,4.0
648,09,618,"14 St (A,C,E)/8 Av (L)",7.0,0.0
649,09,107,"Broad St (J,Z)",6.0,0.0
650,09,153,"125 St (A,C,B,D)",36.0,1.0
651,09,154,"116 St (C,B)",9.0,0.0
652,09,157,"96 St (C,B)",4.0,0.0
653,09,159,"81 St-Museum of Natural History (C,B)",3.0,0.0
654,09,167,"W 4 St-Wash Sq (A,C,E,B,D,F,M)",2.0,1.0
655,09,168,"Spring St (C,E)",1.0,0.0
656,09,169,"Canal St (A,C,E)",1.0,0.0
657,09,223,"Lexington Av/63 St (F,Q)",13.0,0.0
658,09,224,57 St (F),3.0,0.0
659,09,225,"47-50 Sts-Rockefeller Ctr (B,D,F,M)",254.0,3.0
660,09,234,East Broadway (F),171.0,2.0
661,09,300,191 St (1),8.0,0.0
662,09,309,103 St (1),5.0,0.0
663,09,312,79 St (1),62.0,3.0
664,09,316,50 St (1),285.0,0.0
665,09,320,23 St (1),3.0,0.0
666,09,333,"Wall St (2,3)",1.0,0.0
667,09,395,103 St (6),119.0,1.0
668,09,405,23 St (6),1.0,0.0
669,09,440,"116 St (2,3)",18.0,1.0
670,09,471,34 St-Hudson Yards (7),165.0,1.0
671,09,475,96 St (Q),29.0,2.0
672,09,477,72 St (Q),338.0,1.0
673,09,607,"34 St-Herald Sq (B,D,F,M,N,Q,R,W)",1202.0,18.0
674,09,614,"59 St-Columbus Circle (A,B,C,D,1)",201.0,0.0
675,09,628,"Fulton St (A,C,J,Z,2,3,4,5)",38.0,0.0
676,09,9,"57 St-7 Av (N,Q,R,W)",90.0,2.0
677,09,9,"57 St-7 Av (N,Q,R,W)",56.0,0.0
678,09,10,"49 St (N,R,W)",12.0,0.0
679,09,10,"49 St (N,R,W)",1.0,0.0
680,09,10,"49 St (N,R,W)",14.0,0.0
681,09,119,1 Av (L),22.0,0.0
682,09,144,Dyckman St (A),8.0,0.0
683,09,146,181 St (A),4.0,0.0
684,09,149,163 St-Amsterdam Av (C),12.0,0.0
685,09,16,"8 St-NYU (R,W)",18.0,0.0
686,09,164,"34 St-Penn Station (A,C,E)",1590.0,4.0
687,09,225,"47-50 Sts-Rockefeller Ctr (B,D,F,M)",36.0,0.0
688,09,298,207 St (1),11.0,2.0
689,09,301,181 St (1),116.0,17.0
690,09,304,145 St (1),48.0,0.0
691,09,305,137 St-City College (1),42.0,0.0
692,09,308,Cathedral Pkwy (110 St) (1),41.0,0.0
693,09,310,"96 St (1,2,3)",17.0,0.0
694,09,311,86 St (1),14.0,0.0
695,09,316,50 St (1),8.0,0.0
696,09,319,28 St (1),8.0,0.0
697,09,324,Houston St (1),6.0,0.0
698,09,392,"125 St (4,5,6)",70.0,0.0
699,09,394,110 St (6),95.0,0.0
700,09,399,68 St-Hunter College (6),61.0,5.0
701,09,405,23 St (6),65.0,0.0
702,09,438,"135 St (2,3)",14.0,1.0
703,09,471,34 St-Hudson Yards (7),5.0,0.0
704,09,475,96 St (Q),4.0,0.0
705,09,605,"168 St (A,C,1)",29.0,1.0
706,09,610,"Grand Central-42 St (S,4,5,6,7)",32.0,1.0
707,09,610,"Grand Central-42 St (S,4,5,6,7)",31.0,1.0
708,09,613,"Lexington Av (N,R,W)/59 St (4,5,6)",10.0,0.0
709,09,618,"14 St (A,C,E)/8 Av (L)",5.0,0.0
710,09,619,"Broadway-Lafayette St (B,D,F,M)/Bleecker St (6)",59.0,1.0
711,09,143,Inwood-207 St (A),27.0,0.0
712,09,146,181 St (A),5.0,0.0
713,09,151,"145 St (A,C,B,D)",97.0,3.0
714,09,153,"125 St (A,C,B,D)",307.0,13.0
715,09,155,"Cathedral Pkwy (110 St) (C,B)",12.0,1.0
716,09,156,"103 St (C,B)",8.0,0.0
717,09,158,"86 St (C,B)",9.0,1.0
718,09,158,"86 St (C,B)",2.0,0.0
719,09,162,"50 St (C,E)",13.0,1.0
720,09,165,"23 St (C,E)",6.0,0.0
721,09,168,"Spring St (C,E)",2.0,0.0
722,09,168,"Spring St (C,E)",8.0,0.0
723,09,169,"Canal St (A,C,E)",11.0,0.0
724,09,169,"Canal St (A,C,E)",61.0,0.0
725,09,22,"Rector St (R,W)",3.0,2.0
726,09,224,57 St (F),27.0,0.0
727,09,231,"Grand St (B,D)",23.0,0.0
728,09,297,215 St (1),8.0,0.0
729,09,313,"72 St (1,2,3)",435.0,2.0
730,09,314,66 St-Lincoln Center (1),5.0,1.0
731,09,314,66 St-Lincoln Center (1),6.0,1.0
732,09,318,"34 St-Penn Station (1,2,3)",652.0,6.0
733,09,323,Christopher St-Sheridan Sq (1),13.0,0.0
734,09,324,Houston St (1),115.0,0.0
735,09,328,WTC Cortlandt (1),2.0,0.0
736,09,396,96 St (6),193.0,9.0
737,09,475,96 St (Q),44.0,8.0
738,09,601,"14 St (F,M,1,2,3)/6 Av (L)",10.0,3.0
739,09,601,"14 St (F,M,1,2,3)/6 Av (L)",27.0,8.0
740,09,611,"Times Sq-42 St (N,Q,R,W,S,1,2,3,7)/42 St (A,C,E)",55.0,0.0
741,09,625,"Delancey St (F)/Essex St (J,M,Z)",24.0,0.0
742,09,103,"Bowery (J,Z)",2.0,0.0
743,09,103,"Bowery (J,Z)",2.0,0.0
744,09,119,1 Av (L),35.0,0.0
745,09,143,Inwood-207 St (A),133.0,13.0
746,09,145,190 St (A),27.0,1.0
747,09,145,190 St (A),15.0,0.0
748,09,147,175 St (A),17.0,0.0
749,09,151,"145 St (A,C,B,D)",20.0,2.0
750,09,232,2 Av (F),28.0,0.0
751,09,234,East Broadway (F),17.0,0.0
752,09,300,191 St (1),75.0,0.0
753,09,300,191 St (1),27.0,0.0
754,09,301,181 St (1),31.0,0.0
755,09,303,157 St (1),4.0,0.0
756,09,305,137 St-City College (1),26.0,0.0
757,09,310,"96 St (1,2,3)",165.0,6.0
758,09,310,"96 St (1,2,3)",57.0,2.0
759,09,325,Canal St (1),1.0,0.0
760,09,326,Franklin St (1),11.0,0.0
761,09,328,WTC Cortlandt (1),168.0,0.0
762,09,329,Rector St (1),124.0,12.0
763,09,394,110 St (6),45.0,0.0
764,09,397,"86 St (4,5,6)",103.0,6.0
765,09,398,77 St (6),40.0,0.0
766,09,403,33 St (6),27.0,2.0
767,09,414,"Bowling Green (4,5)",75.0,0.0
768,09,436,Harlem-148 St (3),10.0,0.0
769,09,437,145 St (3),42.0,1.0
770,09,607,"34 St-Herald Sq (B,D,F,M,N,Q,R,W)",78.0,3.0
771,09,613,"Lexington Av (N,R,W)/59 St (4,5,6)",105.0,0.0
772,09,619,"Broadway-Lafayette St (B,D,F,M)/Bleecker St (6)",7.0,0.0
773,09,623,"Canal St (J,N,Q,R,W,Z,6)",5.0,0.0
774,09,635,"South Ferry (1)/Whitehall St (R,W)",44.0,5.0
775,09,TRAM1,RI Tramway (Manhattan),45.0,0.0
776,09,228,"23 St (F,M)",311.0,4.0
777,09,107,"Broad St (J,Z)",24.0,1.0
778,09,145,190 St (A),1.0,0.0
779,09,149,163 St-Amsterdam Av (C),4.0,0.0
780,09,150,155 St (C),3.0,0.0
781,09,153,"125 St (A,C,B,D)",1.0,0.0
782,09,156,"103 St (C,B)",4.0,0.0
783,09,157,"96 St (C,B)",32.0,0.0
784,09,158,"86 St (C,B)",29.0,0.0
785,09,164,"34 St-Penn Station (A,C,E)",411.0,0.0
786,09,17,"Prince St (R,W)",10.0,0.0
787,09,222,Roosevelt Island (F),12.0,1.0
788,09,276,"5 Av/53 St (E,M)",5.0,0.0
789,09,296,Marble Hill-225 St (1),2.0,0.0
790,09,298,207 St (1),8.0,4.0
791,09,299,Dyckman St (1),15.0,0.0
792,09,305,137 St-City College (1),49.0,0.0
793,09,306,125 St (1),1.0,0.0
794,09,311,86 St (1),43.0,0.0
795,09,311,86 St (1),7.0,0.0
796,09,312,79 St (1),35.0,4.0
797,09,318,"34 St-Penn Station (1,2,3)",7.0,0.0
798,09,323,Christopher St-Sheridan Sq (1),12.0,0.0
799,09,325,Canal St (1),28.0,0.0
800,09,325,Canal St (1),51.0,0.0
801,09,396,96 St (6),13.0,1.0
802,09,399,68 St-Hunter College (6),6.0,1.0
803,09,405,23 St (6),204.0,15.0
804,09,438,"135 St (2,3)",46.0,0.0
805,09,438,"135 St (2,3)",47.0,0.0
806,09,475,96 St (Q),36.0,3.0
807,09,475,96 St (Q),264.0,10.0
808,09,477,72 St (Q),33.0,0.0
809,09,601,"14 St (F,M,1,2,3)/6 Av (L)",26.0,4.0
810,09,605,"168 St (A,C,1)",29.0,0.0
811,09,609,"Bryant Pk (B,D,F,M)/5 Av (7)",12.0,3.0
812,09,611,"Times Sq-42 St (N,Q,R,W,S,1,2,3,7)/42 St (A,C,E)",1125.0,0.0
813,09,618,"14 St (A,C,E)/8 Av (L)",279.0,5.0
814,09,623,"Canal St (J,N,Q,R,W,Z,6)",49.0,0.0
815,09,624,"Chambers St (A,C)/WTC (E)/Park Pl (2,3)/Cortlandt (R,W)",12.0,0.0
816,09,628,"Fulton St (A,C,J,Z,2,3,4,5)",54.0,0.0
817,09,635,"South Ferry (1)/Whitehall St (R,W)",28.0,14.0
818,09,14,"23 St (R,W)",21.0,0.0
819,09,146,181 St (A),32.0,0.0
820,09,146,181 St (A),58.0,0.0
821,09,154,"116 St (C,B)",88.0,0.0
822,09,162,"50 St (C,E)",200.0,0.0
823,09,165,"23 St (C,E)",59.0,0.0
824,09,167,"W 4 St-Wash Sq (A,C,E,B,D,F,M)",45.0,0.0
825,09,222,Roosevelt Island (F),22.0,1.0
826,09,298,207 St (1),18.0,0.0
827,09,308,Cathedral Pkwy (110 St) (1),8.0,0.0
828,09,309,103 St (1),5.0,0.0
829,09,311,86 St (1),42.0,0.0
830,09,319,28 St (1),22.0,0.0
831,09,321,18 St (1),7.0,0.0
832,09,321,18 St (1),18.0,0.0
833,09,321,18 St (1),1.0,0.0
834,09,326,Franklin St (1),3.0,0.0
835,09,393,116 St (6),173.0,4.0
836,09,395,103 St (6),53.0,1.0
837,09,395,103 St (6),45.0,0.0
838,09,396,96 St (6),4.0,2.0
839,09,399,68 St-Hunter College (6),15.0,0.0
840,09,404,28 St (6),18.0,0.0
841,09,405,23 St (6),19.0,6.0
842,09,413,"Wall St (4,5)",132.0,6.0
843,09,439,"125 St (2,3)",16.0,0.0
844,09,440,"116 St (2,3)",112.0,0.0
845,09,476,86 St (Q),4.0,0.0
846,09,476,86 St (Q),37.0,1.0
847,09,476,86 St (Q),44.0,0.0
848,09,602,"14 St-Union Sq (L,N,Q,R,W,4,5,6)",46.0,8.0
849,09,602,"14 St-Union Sq (L,N,Q,R,W,4,5,6)",112.0,0.0
850,09,613,"Lexington Av (N,R,W)/59 St (4,5,6)",138.0,41.0
851,09,8,"5 Av/59 St (N,R,W)",1.0,0.0
852,09,119,1 Av (L),30.0,0.0
853,09,154,"116 St (C,B)",4.0,0.0
854,09,16,"8 St-NYU (R,W)",2.0,0.0
855,09,167,"W 4 St-Wash Sq (A,C,E,B,D,F,M)",30.0,0.0
856,09,228,"23 St (F,M)",8.0,0.0
857,09,228,"23 St (F,M)",6.0,0.0
858,09,232,2 Av (F),20.0,0.0
859,09,301,181 St (1),68.0,10.0
860,09,303,157 St (1),144.0,4.0
861,09,314,66 St-Lincoln Center (1),9.0,0.0
862,09,314,66 St-Lincoln Center (1),14.0,1.0
863,09,318,"34 St-Penn Station (1,2,3)",113.0,0.0
864,09,319,28 St (1),4.0,0.0
865,09,320,23 St (1),17.0,0.0
866,09,323,Christopher St-Sheridan Sq (1),11.0,0.0
867,09,438,"135 St (2,3)",50.0,0.0
868,09,476,86 St (Q),56.0,0.0
869,09,602,"14 St-Union Sq (L,N,Q,R,W,4,5,6)",12.0,0.0
870,09,602,"14 St-Union Sq (L,N,Q,R,W,4,5,6)",13.0,1.0
871,09,605,"168 St (A,C,1)",46.0,0.0
872,09,609,"Bryant Pk (B,D,F,M)/5 Av (7)",121.0,6.0
873,09,610,"Grand Central-42 St (S,4,5,6,7)",111.0,4.0
874,09,610,"Grand Central-42 St (S,4,5,6,7)",11.0,0.0
875,09,622,"Brooklyn Bridge-City Hall (4,5,6)/Chambers St (J,Z)",30.0,0.0
876,09,625,"Delancey St (F)/Essex St (J,M,Z)",23.0,0.0
877,09,628,"Fulton St (A,C,J,Z,2,3,4,5)",806.0,6.0
878,09,8,"5 Av/59 St (N,R,W)",1.0,0.0
879,09,8,"5 Av/59 St (N,R,W)",8.0,0.0
880,09,8,"5 Av/59 St (N,R,W)",61.0,3.0
881,09,TRAM2,RI Tramway (Roosevelt),52.0,0.0
882,09,103,"Bowery (J,Z)",28.0,0.0
883,09,118,3 Av (L),1.0,0.0
884,09,14,"23 St (R,W)",14.0,4.0
885,09,14,"23 St (R,W)",141.0,7.0
886,09,143,Inwood-207 St (A),2.0,0.0
887,09,147,175 St (A),34.0,0.0
888,09,150,155 St (C),4.0,0.0
889,09,150,155 St (C),46.0,0.0
890,09,152,"135 St (C,B)",6.0,0.0
891,09,157,"96 St (C,B)",6.0,2.0
892,09,159,"81 St-Museum of Natural History (C,B)",104.0,5.0
893,09,165,"23 St (C,E)",201.0,5.0
894,09,20,"City Hall (R,W)",1.0,0.0
895,09,20,"City Hall (R,W)",6.0,0.0
896,09,220,"155 St (B,D)",4.0,0.0
897,09,224,57 St (F),1.0,0.0
898,09,225,"47-50 Sts-Rockefeller Ctr (B,D,F,M)",140.0,0.0
899,09,232,2 Av (F),47.0,1.0
900,09,277,"7 Av (E,B,D)",153.0,0.0
901,09,297,215 St (1),3.0,0.0
902,09,306,125 St (1),15.0,0.0
903,09,308,Cathedral Pkwy (110 St) (1),42.0,0.0
904,09,310,"96 St (1,2,3)",32.0,2.0
905,09,312,79 St (1),3.0,0.0
906,09,312,79 St (1),212.0,3.0
907,09,319,28 St (1),5.0,0.0
908,09,320,23 St (1),171.0,5.0
909,09,327,"Chambers St (1,2,3)",4.0,2.0
910,09,333,"Wall St (2,3)",5.0,0.0
911,09,398,77 St (6),281.0,9.0
912,09,404,28 St (6),21.0,1.0
913,09,413,"Wall St (4,5)",1.0,0.0
914,09,601,"14 St (F,M,1,2,3)/6 Av (L)",5.0,1.0
915,09,609,"Bryant Pk (B,D,F,M)/5 Av (7)",33.0,0.0
916,09,614,"59 St-Columbus Circle (A,B,C,D,1)",594.0,14.0
917,09,623,"Canal St (J,N,Q,R,W,Z,6)",16.0,0.0
918,09,623,"Canal St (J,N,Q,R,W,Z,6)",10.0,0.0
919,09,624,"Chambers St (A,C)/WTC (E)/Park Pl (2,3)/Cortlandt (R,W)",441.0,16.0
920,09,628,"Fulton St (A,C,J,Z,2,3,4,5)",512.0,3.0
921,09,635,"South Ferry (1)/Whitehall St (R,W)",40.0,27.0
922,09,635,"South Ferry (1)/Whitehall St (R,W)",11.0,5.0
923,09,TRAM1,RI Tramway (Manhattan),2.0,2.0
924,09,107,"Broad St (J,Z)",45.0,2.0
925,09,119,1 Av (L),12.0,0.0
926,09,152,"135 St (C,B)",19.0,0.0
927,09,152,"135 St (C,B)",15.0,0.0
928,09,153,"125 St (A,C,B,D)",17.0,0.0
929,09,154,"116 St (C,B)",10.0,0.0
930,09,155,"Cathedral Pkwy (110 St) (C,B)",37.0,1.0
931,09,158,"86 St (C,B)",1.0,0.0
932,09,160,"72 St (C,B)",2.0,0.0
933,09,220,"155 St (B,D)",13.0,1.0
934,09,231,"Grand St (B,D)",1.0,0.0
935,09,232,2 Av (F),9.0,0.0
936,09,234,East Broadway (F),86.0,3.0
937,09,276,"5 Av/53 St (E,M)",32.0,0.0
938,09,300,191 St (1),29.0,0.0
939,09,306,125 St (1),16.0,2.0
940,09,308,Cathedral Pkwy (110 St) (1),38.0,1.0
941,09,319,28 St (1),94.0,0.0
942,09,324,Houston St (1),25.0,0.0
943,09,327,"Chambers St (1,2,3)",110.0,3.0
944,09,393,116 St (6),49.0,0.0
945,09,397,"86 St (4,5,6)",70.0,0.0
946,09,399,68 St-Hunter College (6),7.0,1.0
947,09,407,Astor Pl (6),21.0,0.0
948,09,409,Spring St (6),3.0,0.0
949,09,436,Harlem-148 St (3),18.0,0.0
950,09,605,"168 St (A,C,1)",25.0,0.0
951,09,607,"34 St-Herald Sq (B,D,F,M,N,Q,R,W)",5.0,1.0
952,09,612,"Lexington Av-53 St (E,M)/51 St (6)",160.0,0.0
953,09,TRAM2,RI Tramway (Roosevelt),117.0,9.0
954,09,119,1 Av (L),30.0,1.0
955,09,145,190 St (A),3.0,0.0
956,09,146,181 St (A),11.0,0.0
957,09,159,"81 St-Museum of Natural History (C,B)",20.0,0.0
958,09,16,"8 St-NYU (R,W)",106.0,3.0
959,09,165,"23 St (C,E)",35.0,4.0
960,09,167,"W 4 St-Wash Sq (A,C,E,B,D,F,M)",3.0,0.0
961,09,20,"City Hall (R,W)",2.0,0.0
962,09,20,"City Hall (R,W)",5.0,0.0
963,09,296,Marble Hill-225 St (1),12.0,1.0
964,09,296,Marble Hill-225 St (1),8.0,2.0
965,09,297,215 St (1),4.0,0.0
966,09,307,116 St-Columbia University (1),2.0,0.0
967,09,308,Cathedral Pkwy (110 St) (1),6.0,0.0
968,09,310,"96 St (1,2,3)",89.0,0.0
969,09,312,79 St (1),69.0,0.0
970,09,318,"34 St-Penn Station (1,2,3)",6.0,0.0
971,09,327,"Chambers St (1,2,3)",21.0,0.0
972,09,327,"Chambers St (1,2,3)",2.0,0.0
973,09,328,WTC Cortlandt (1),2.0,0.0
974,09,392,"125 St (4,5,6)",13.0,0.0
975,09,398,77 St (6),37.0,0.0
976,09,413,"Wall St (4,5)",4.0,0.0
977,09,611,"Times Sq-42 St (N,Q,R,W,S,1,2,3,7)/42 St (A,C,E)",159.0,3.0
978,09,614,"59 St-Columbus Circle (A,B,C,D,1)",57.0,1.0
979,09,619,"Broadway-Lafayette St (B,D,F,M)/Bleecker St (6)",231.0,5.0
980,09,622,"Brooklyn Bridge-City Hall (4,5,6)/Chambers St (J,Z)",183.0,0.0
981,09,TRAM1,RI Tramway (Manhattan),5.0,0.0
982,09,10,"49 St (N,R,W)",10.0,0.0
983,09,107,"Broad St (J,Z)",2.0,1.0
984,09,107,"Broad St (J,Z)",15.0,0.0
985,09,147,175 St (A),102.0,2.0
986,09,149,163 St-Amsterdam Av (C),72.0,1.0
987,09,150,155 St (C),2.0,0.0
988,09,152,"135 St (C,B)",95.0,1.0
989,09,160,"72 St (C,B)",8.0,0.0
990,09,165,"23 St (C,E)",71.0,0.0
991,09,169,"Canal St (A,C,E)",42.0,0.0
992,09,22,"Rector St (R,W)",9.0,0.0
993,09,220,"155 St (B,D)",22.0,0.0
994,09,276,"5 Av/53 St (E,M)",3.0,0.0
995,09,276,"5 Av/53 St (E,M)",41.0,0.0
996,09,307,116 St-Columbia University (1),21.0,1.0
997,09,309,103 St (1),208.0,2.0
998,09,320,23 St (1),60.0,4.0
999,09,320,23 St (1),10.0,0.0
1000,09,328,WTC Cortlandt (1),258.0,1.0
1001,09,333,"Wall St (2,3)",11.0,0.0
1002,09,393,116 St (6),63.0,0.0
1003,09,395,103 St (6),30.0,0.0
1004,09,404,28 St (6),197.0,3.0
1005,09,405,23 St (6),5.0,0.0
1006,09,407,Astor Pl (6),4.0,0.0
1007,09,407,Astor Pl (6),13.0,0.0
1008,09,409,Spring St (6),1.0,0.0
1009,09,414,"Bowling Green (4,5)",107.0,40.0
1010,09,437,145 St (3),17.0,0.0
1011,09,439,"125 St (2,3)",15.0,2.0
1012,09,439,"125 St (2,3)",118.0,4.0
1013,09,440,"116 St (2,3)",47.0,1.0
1014,09,602,"14 St-Union Sq (L,N,Q,R,W,4,5,6)",542.0,28.0
1015,09,612,"Lexington Av-53 St (E,M)/51 St (6)",4.0,0.0
1016,09,614,"59 St-Columbus Circle (A,B,C,D,1)",54.0,3.0
1017,09,624,"Chambers St (A,C)/WTC (E)/Park Pl (2,3)/Cortlandt (R,W)",4.0,1.0
1018,09,118,3 Av (L),4.0,0.0
1019,09,152,"135 St (C,B)",5.0,0.0
1020,09,156,"103 St (C,B)",84.0,1.0
1021,09,160,"72 St (C,B)",45.0,0.0
1022,09,17,"Prince St (R,W)",34.0,0.0
1023,09,22,"Rector St (R,W)",4.0,1.0
1024,09,224,57 St (F),1.0,0.0
1025,09,228,"23 St (F,M)",12.0,1.0
1026,09,297,215 St (1),20.0,0.0
1027,09,299,Dyckman St (1),8.0,0.0
1028,09,303,157 St (1),41.0,0.0
1029,09,304,145 St (1),60.0,0.0
1030,09,307,116 St-Columbia University (1),92.0,0.0
1031,09,311,86 St (1),208.0,7.0
1032,09,313,"72 St (1,2,3)",16.0,1.0
1033,09,313,"72 St (1,2,3)",10.0,0.0
1034,09,316,50 St (1),3.0,0.0
1035,09,319,28 St (1),2.0,0.0
1036,09,326,Franklin St (1),65.0,1.0
1037,09,327,"Chambers St (1,2,3)",11.0,0.0
1038,09,393,116 St (6),12.0,0.0
1039,09,394,110 St (6),27.0,0.0
1040,09,399,68 St-Hunter College (6),28.0,0.0
1041,09,403,33 St (6),1.0,0.0
1042,09,439,"125 St (2,3)",34.0,0.0
1043,09,607,"34 St-Herald Sq (B,D,F,M,N,Q,R,W)",60.0,1.0
1044,09,611,"Times Sq-42 St (N,Q,R,W,S,1,2,3,7)/42 St (A,C,E)",50.0,0.0
1045,09,612,"Lexington Av-53 St (E,M)/51 St (6)",40.0,2.0
1046,09,619,"Broadway-Lafayette St (B,D,F,M)/Bleecker St (6)",9.0,0.0
1047,09,622,"Brooklyn Bridge-City Hall (4,5,6)/Chambers St (J,Z)",2.0,0.0
1048,09,9,"57 St-7 Av (N,Q,R,W)",23.0,0.0
1049,09,143,Inwood-207 St (A),15.0,1.0
1050,09,169,"Canal St (A,C,E)",11.0,0.0
1051,09,224,57 St (F),1.0,0.0
1052,09,276,"5 Av/53 St (E,M)",1.0,0.0
1053,09,328,WTC Cortlandt (1),17.0,0.0
1054,09,392,"125 St (4,5,6)",125.0,6.0
1055,09,477,72 St (Q),26.0,0.0
1056,09,623,"Canal St (J,N,Q,R,W,Z,6)",130.0,0.0
1057,09,607,"34 St-Herald Sq (B,D,F,M,N,Q,R,W)",11.0,0.0
1058,09,607,"34 St-Herald Sq (B,D,F,M,N,Q,R,W)",601.0,9.0
1059,09,231,"Grand St (B,D)",110.0,5.0
1060,09,611,"Times Sq-42 St (N,Q,R,W,S,1,2,3,7)/42 St (A,C,E)",1286.0,9.0
1061,09,612,"Lexington Av-53 St (E,M)/51 St (6)",201.0,3.0
1062,09,610,"Grand Central-42 St (S,4,5,6,7)",829.0,18.0
1063,09,607,"34 St-Herald Sq (B,D,F,M,N,Q,R,W)",418.0,0.0
1064,09,607,"34 St-Herald Sq (B,D,F,M,N,Q,R,W)",117.0,0.0
1065,09,277,"7 Av (E,B,D)",76.0,1.0
